-- phpMyAdmin SQL Dump
-- version 4.8.4
-- https://www.phpmyadmin.net/
--
-- Hôte : 127.0.0.1
-- Généré le :  jeu. 18 juil. 2019 à 18:20
-- Version du serveur :  10.1.37-MariaDB
-- Version de PHP :  7.3.0

SET SQL_MODE = "NO_AUTO_VALUE_ON_ZERO";
SET AUTOCOMMIT = 0;
START TRANSACTION;
SET time_zone = "+00:00";


/*!40101 SET @OLD_CHARACTER_SET_CLIENT=@@CHARACTER_SET_CLIENT */;
/*!40101 SET @OLD_CHARACTER_SET_RESULTS=@@CHARACTER_SET_RESULTS */;
/*!40101 SET @OLD_COLLATION_CONNECTION=@@COLLATION_CONNECTION */;
/*!40101 SET NAMES utf8mb4 */;

--
-- Base de données :  `ecomrestfulapi`
--

-- --------------------------------------------------------

--
-- Structure de la table `migrations`
--

CREATE TABLE `migrations` (
  `id` int(10) UNSIGNED NOT NULL,
  `migration` varchar(191) COLLATE utf8mb4_unicode_ci NOT NULL,
  `batch` int(11) NOT NULL
) ENGINE=InnoDB DEFAULT CHARSET=utf8mb4 COLLATE=utf8mb4_unicode_ci;

--
-- Déchargement des données de la table `migrations`
--

INSERT INTO `migrations` (`id`, `migration`, `batch`) VALUES
(5, '2014_10_12_000000_create_users_table', 1),
(6, '2014_10_12_100000_create_password_resets_table', 1),
(7, '2019_07_18_123745_create_products_table', 1),
(8, '2019_07_18_124717_create_reviews_table', 1);

-- --------------------------------------------------------

--
-- Structure de la table `password_resets`
--

CREATE TABLE `password_resets` (
  `email` varchar(191) COLLATE utf8mb4_unicode_ci NOT NULL,
  `token` varchar(191) COLLATE utf8mb4_unicode_ci NOT NULL,
  `created_at` timestamp NULL DEFAULT NULL
) ENGINE=InnoDB DEFAULT CHARSET=utf8mb4 COLLATE=utf8mb4_unicode_ci;

-- --------------------------------------------------------

--
-- Structure de la table `products`
--

CREATE TABLE `products` (
  `id` int(10) UNSIGNED NOT NULL,
  `name` varchar(191) COLLATE utf8mb4_unicode_ci NOT NULL,
  `detail` text COLLATE utf8mb4_unicode_ci NOT NULL,
  `price` int(11) NOT NULL,
  `stock` int(11) NOT NULL,
  `discount` int(11) NOT NULL,
  `created_at` timestamp NULL DEFAULT NULL,
  `updated_at` timestamp NULL DEFAULT NULL
) ENGINE=InnoDB DEFAULT CHARSET=utf8mb4 COLLATE=utf8mb4_unicode_ci;

--
-- Déchargement des données de la table `products`
--

INSERT INTO `products` (`id`, `name`, `detail`, `price`, `stock`, `discount`, `created_at`, `updated_at`) VALUES
(1, 'voluptatibus', 'Perspiciatis possimus sed architecto est sapiente repellat. Maiores voluptas et vero eaque ipsam hic sequi. Odio quia quaerat molestiae esse sequi quisquam. Cumque quia sit eos ea libero eius ea quia.', 991, 4, 24, '2019-07-18 15:15:14', '2019-07-18 15:15:14'),
(2, 'ut', 'Quo et voluptas ipsa reiciendis. Sint molestias ratione quod non labore enim expedita. Id est similique ratione. Fugit quam corporis facilis quisquam mollitia quia eos sed.', 501, 8, 16, '2019-07-18 15:15:14', '2019-07-18 15:15:14'),
(3, 'tempora', 'Vitae alias ducimus sint qui illo. Et quidem delectus doloremque eos. Praesentium et consequatur dolore perspiciatis ut cum.', 798, 2, 28, '2019-07-18 15:15:14', '2019-07-18 15:15:14'),
(4, 'consequatur', 'Et qui iusto porro. Sint aut reiciendis iusto nobis minima autem. Optio rerum et iure. Perferendis aspernatur culpa omnis voluptas.', 159, 2, 23, '2019-07-18 15:15:14', '2019-07-18 15:15:14'),
(5, 'magni', 'Expedita eos suscipit et. Enim tempore amet aperiam ut. Sequi enim dolor sit et qui sint.', 574, 5, 11, '2019-07-18 15:15:14', '2019-07-18 15:15:14'),
(6, 'totam', 'Dolor fugit facilis quam sunt consequatur tenetur. Facilis et doloremque quia molestiae veritatis reiciendis. Blanditiis saepe distinctio earum eligendi.', 193, 7, 6, '2019-07-18 15:15:14', '2019-07-18 15:15:14'),
(7, 'sed', 'Facere sit rerum magnam placeat non facere modi. Aut quasi voluptas qui eligendi sed ratione blanditiis consequatur. In nemo excepturi consequatur occaecati.', 895, 8, 24, '2019-07-18 15:15:14', '2019-07-18 15:15:14'),
(8, 'eos', 'Deleniti et laboriosam qui ex. Itaque et et sint alias. Expedita omnis dolores nam dolorem quas. Quia magni atque at.', 659, 0, 12, '2019-07-18 15:15:14', '2019-07-18 15:15:14'),
(9, 'rerum', 'Facere aspernatur recusandae distinctio. Corporis similique aut dolor consectetur quos rem incidunt nemo. Quidem saepe quod consectetur quibusdam reprehenderit consequatur. Voluptatibus quidem odio enim sunt et praesentium.', 466, 6, 22, '2019-07-18 15:15:14', '2019-07-18 15:15:14'),
(10, 'molestias', 'Est vero fuga velit distinctio aspernatur molestiae eum. Omnis non sit dicta minima et distinctio eligendi. Qui ut quasi natus id officiis aut eum.', 225, 3, 28, '2019-07-18 15:15:14', '2019-07-18 15:15:14'),
(11, 'voluptatibus', 'Qui non est nostrum quis. Ut odit dolore sunt vel ex ipsa corporis. Mollitia architecto non quia consequatur. Reiciendis iusto voluptatem saepe fugiat vel ullam.', 512, 7, 5, '2019-07-18 15:15:14', '2019-07-18 15:15:14'),
(12, 'aut', 'Ab nostrum doloribus molestias ut qui sed quibusdam qui. Veniam quis rem nihil. Laboriosam sed et enim ullam ut at aut.', 150, 1, 21, '2019-07-18 15:15:14', '2019-07-18 15:15:14'),
(13, 'molestias', 'Eius eveniet sunt debitis magnam voluptatem quis. Tempore ipsum nulla dicta nobis deserunt. Sunt fuga aperiam ut. Iusto deserunt eligendi laborum aut maxime sint in cumque. Sed doloremque eligendi veritatis aliquam molestiae laudantium enim.', 856, 7, 14, '2019-07-18 15:15:14', '2019-07-18 15:15:14'),
(14, 'quod', 'Saepe molestias quis earum et omnis enim. Sit nihil unde inventore corporis at vel fuga. Magnam et laudantium consequatur debitis magnam.', 172, 3, 20, '2019-07-18 15:15:14', '2019-07-18 15:15:14'),
(15, 'tempore', 'Quis vel placeat praesentium exercitationem quia voluptatem. Nam dignissimos accusantium animi quasi aspernatur. Magni est earum ad aspernatur et aspernatur. Accusamus et omnis fuga.', 638, 6, 12, '2019-07-18 15:15:14', '2019-07-18 15:15:14'),
(16, 'officiis', 'Provident earum iste et ipsa est quas. Nobis et ut repellat voluptatem itaque dignissimos fugit amet. Ea quis ducimus assumenda ex voluptas saepe.', 574, 9, 20, '2019-07-18 15:15:14', '2019-07-18 15:15:14'),
(17, 'quia', 'Id quae sit doloribus voluptate. Fuga veniam eius ut accusamus. Alias nihil nesciunt et magni sit et.', 205, 4, 24, '2019-07-18 15:15:14', '2019-07-18 15:15:14'),
(18, 'sint', 'Illum ducimus ab assumenda modi occaecati qui accusantium ipsum. Labore dolore et autem sapiente sed culpa quaerat laboriosam. Aut sed blanditiis voluptas temporibus magni quam velit. Tenetur placeat culpa nostrum eligendi sapiente nobis officia voluptas.', 170, 1, 24, '2019-07-18 15:15:14', '2019-07-18 15:15:14'),
(19, 'nisi', 'Blanditiis atque et at eaque. Porro inventore vero soluta nulla non aut ut. Voluptatem nihil ea qui qui recusandae. Quia vero neque cupiditate ad.', 445, 8, 11, '2019-07-18 15:15:14', '2019-07-18 15:15:14'),
(20, 'et', 'Id ratione cupiditate dolor facilis. Repudiandae voluptas deserunt at eos. Est magni quod est consequatur rem quaerat molestiae qui.', 612, 8, 23, '2019-07-18 15:15:14', '2019-07-18 15:15:14'),
(21, 'molestiae', 'Quam voluptates voluptatem nobis velit ratione ipsum aut. Et rerum quae laudantium voluptas dolorem explicabo. Consequatur voluptatibus ex est id alias voluptate fugiat architecto.', 435, 6, 11, '2019-07-18 15:15:14', '2019-07-18 15:15:14'),
(22, 'aut', 'Inventore iure facilis facilis sequi praesentium et. Autem vel ut quae rem. Dolor alias itaque voluptatibus ut est.', 979, 3, 28, '2019-07-18 15:15:14', '2019-07-18 15:15:14'),
(23, 'a', 'Quibusdam porro possimus dolore. Dolores ut et similique itaque iusto qui. Qui ab rerum iure quibusdam eaque ea beatae.', 451, 4, 24, '2019-07-18 15:15:14', '2019-07-18 15:15:14'),
(24, 'ipsa', 'Magnam soluta et nobis. Repellendus earum consequuntur quia exercitationem. Optio et officiis magnam mollitia. Ad veniam iure rerum sunt.', 982, 9, 18, '2019-07-18 15:15:14', '2019-07-18 15:15:14'),
(25, 'molestiae', 'Cumque et alias autem iusto. Odio totam repellendus sed quas hic rerum. Consectetur sint quam non sequi.', 463, 1, 30, '2019-07-18 15:15:14', '2019-07-18 15:15:14'),
(26, 'alias', 'Maxime quia sint incidunt laborum voluptatem. Harum cupiditate et iste explicabo aut quas. Hic sunt temporibus rem possimus voluptate voluptatem enim.', 788, 8, 5, '2019-07-18 15:15:14', '2019-07-18 15:15:14'),
(27, 'delectus', 'Fuga sapiente officia ullam ut et deleniti. Tenetur debitis dicta sint laboriosam ipsum maxime debitis. Nam repellendus nobis veritatis est maxime nobis distinctio.', 176, 4, 22, '2019-07-18 15:15:14', '2019-07-18 15:15:14'),
(28, 'rerum', 'Dolor dolor non quaerat accusamus accusantium. Minima sunt et qui voluptate. Dolore quos id libero vero velit eos.', 160, 1, 11, '2019-07-18 15:15:14', '2019-07-18 15:15:14'),
(29, 'quidem', 'Alias eum at velit quaerat sit. Sapiente hic autem unde quibusdam nam pariatur quaerat. Amet eum vitae sit numquam adipisci.', 232, 5, 7, '2019-07-18 15:15:14', '2019-07-18 15:15:14'),
(30, 'deleniti', 'Eligendi et maiores officiis quibusdam saepe quo. Eveniet nihil doloremque accusantium corporis omnis corrupti et sint. Id expedita alias consequatur unde iste iusto maiores. Qui voluptas rerum facilis autem quisquam quo perferendis qui.', 825, 6, 26, '2019-07-18 15:15:14', '2019-07-18 15:15:14'),
(31, 'maiores', 'Consequatur non sunt voluptas. Porro qui at et soluta. Voluptatem sed voluptatem nostrum possimus. Fugit amet sed id et odio et et.', 561, 1, 22, '2019-07-18 15:15:14', '2019-07-18 15:15:14'),
(32, 'et', 'Officia velit qui velit. Doloribus officiis facilis perspiciatis nostrum et. Corporis et ut enim eos ad dicta et.', 636, 3, 26, '2019-07-18 15:15:14', '2019-07-18 15:15:14'),
(33, 'tempora', 'Qui officia architecto officiis asperiores at nisi provident. Nihil omnis sit eligendi qui vel labore. Laborum itaque et enim est eius. Sint et quibusdam repellendus illum harum nemo.', 500, 9, 13, '2019-07-18 15:15:14', '2019-07-18 15:15:14'),
(34, 'inventore', 'Et quia deserunt fuga magnam quod. In ea placeat eligendi eligendi blanditiis iure facilis mollitia. Repellendus quia quis incidunt sit ut omnis. Illum unde velit dolorem eos id dolores quidem.', 369, 0, 4, '2019-07-18 15:15:14', '2019-07-18 15:15:14'),
(35, 'totam', 'Iusto aliquid molestiae ea sed. Repellat quisquam impedit dicta quia. Consequatur distinctio suscipit magni est neque.', 229, 6, 6, '2019-07-18 15:15:14', '2019-07-18 15:15:14'),
(37, 'deleniti', 'Dolor id vel quaerat modi. Suscipit fugiat dolores aut nam quis sunt sint. Architecto fugit illo non esse dolores.', 295, 0, 3, '2019-07-18 15:15:14', '2019-07-18 15:15:14'),
(38, 'impedit', 'Eius vel aut vel nobis totam qui tenetur. Adipisci eveniet est consequatur et neque beatae. Aut velit et id perferendis qui soluta aliquid. Harum ex atque non dolor.', 495, 2, 4, '2019-07-18 15:15:14', '2019-07-18 15:15:14'),
(39, 'eveniet', 'Earum iste dolor vel modi et nulla sit. Est quaerat fugit earum perspiciatis quo repudiandae. Animi harum est amet enim officiis odio rerum. Temporibus nisi eum ipsum exercitationem. Aut atque sed repellendus suscipit sed ex.', 272, 7, 22, '2019-07-18 15:15:14', '2019-07-18 15:15:14'),
(40, 'omnis', 'Delectus aut et eligendi ullam. Fuga perspiciatis distinctio impedit beatae. Et hic deleniti repudiandae non harum explicabo. Tenetur qui veniam veritatis asperiores non tempora. At eveniet qui repellat id accusamus ducimus.', 139, 5, 20, '2019-07-18 15:15:14', '2019-07-18 15:15:14'),
(41, 'incidunt', 'Iusto quia optio laborum omnis autem. Et nihil minus ipsa eligendi vel nihil. Laborum similique assumenda quod quod velit ipsa consequatur.', 359, 4, 28, '2019-07-18 15:15:14', '2019-07-18 15:15:14'),
(42, 'non', 'Tempora error perferendis saepe facilis. Dolore numquam maxime maiores reiciendis esse. Nobis quas porro dignissimos id. Sunt harum illo odit excepturi labore sint nihil.', 746, 5, 5, '2019-07-18 15:15:14', '2019-07-18 15:15:14'),
(43, 'est', 'Enim ut maiores aut. Magnam sunt id aspernatur asperiores illo ut nesciunt. Ipsam magnam tenetur earum cumque sunt sit reiciendis expedita. Culpa dolore deleniti et consequatur rerum quibusdam officia quia.', 382, 8, 8, '2019-07-18 15:15:14', '2019-07-18 15:15:14'),
(44, 'ratione', 'Est laboriosam numquam aliquam est. Ratione soluta vel harum at cupiditate blanditiis. Eligendi aspernatur sint vero tenetur.', 574, 1, 26, '2019-07-18 15:15:14', '2019-07-18 15:15:14'),
(45, 'similique', 'Qui eligendi non odit quod. Culpa quia consequuntur voluptatem aut aperiam numquam rerum. Officia ut ut dolorem cumque beatae quis placeat. Ducimus sed tenetur ratione necessitatibus repellat consequatur ut et.', 921, 4, 28, '2019-07-18 15:15:14', '2019-07-18 15:15:14'),
(46, 'quos', 'Suscipit sunt incidunt ipsum recusandae. Id cum iusto rerum et. Alias voluptas vero quis odio sapiente. Placeat voluptate deleniti esse voluptatem qui.', 207, 1, 10, '2019-07-18 15:15:14', '2019-07-18 15:15:14'),
(47, 'corrupti', 'Beatae omnis et aut quia et voluptatibus. Officia inventore nihil hic ratione omnis. Ipsa asperiores sapiente omnis qui nam.', 770, 2, 27, '2019-07-18 15:15:14', '2019-07-18 15:15:14'),
(48, 'deleniti', 'Reprehenderit voluptates deleniti labore. Unde est perferendis cumque aliquam necessitatibus. Soluta nihil sequi vel temporibus voluptatem rerum. Aut assumenda laboriosam recusandae molestiae et.', 817, 2, 20, '2019-07-18 15:15:14', '2019-07-18 15:15:14'),
(49, 'quam', 'Libero et rerum sequi unde. Nostrum sed voluptatibus at sed omnis aperiam ratione. Quos voluptas aut unde.', 533, 6, 2, '2019-07-18 15:15:14', '2019-07-18 15:15:14'),
(50, 'quam', 'Et earum quam rerum porro. Odio consequatur corrupti vel voluptas. Ea voluptate placeat autem rem veritatis et molestiae dolore.', 486, 5, 14, '2019-07-18 15:15:14', '2019-07-18 15:15:14');

-- --------------------------------------------------------

--
-- Structure de la table `reviews`
--

CREATE TABLE `reviews` (
  `id` int(10) UNSIGNED NOT NULL,
  `product_id` int(10) UNSIGNED NOT NULL,
  `customer` varchar(191) COLLATE utf8mb4_unicode_ci NOT NULL,
  `review` text COLLATE utf8mb4_unicode_ci NOT NULL,
  `star` int(11) NOT NULL,
  `created_at` timestamp NULL DEFAULT NULL,
  `updated_at` timestamp NULL DEFAULT NULL
) ENGINE=InnoDB DEFAULT CHARSET=utf8mb4 COLLATE=utf8mb4_unicode_ci;

--
-- Déchargement des données de la table `reviews`
--

INSERT INTO `reviews` (`id`, `product_id`, `customer`, `review`, `star`, `created_at`, `updated_at`) VALUES
(2, 2, 'Prof. Rene Volkman V', 'Deleniti autem cum nobis omnis ut. Dolores id facilis quo fugit rerum optio adipisci. Deserunt aspernatur qui vero accusamus. Maiores harum doloribus et blanditiis assumenda illum quasi.', 1, '2019-07-18 15:15:15', '2019-07-18 15:15:15'),
(3, 23, 'Rachelle Heathcote', 'Vel est dolores aut aut atque sequi corrupti. Quibusdam et eos quisquam eaque. Quo non quia laudantium dolore.', 1, '2019-07-18 15:15:15', '2019-07-18 15:15:15'),
(4, 28, 'Terrell Pacocha', 'Voluptate iure odio eum ex voluptates. Voluptas adipisci fugiat iusto aliquid. Itaque sunt rerum qui perferendis ipsa sunt. In quia quam assumenda ab voluptas voluptatibus consequatur.', 1, '2019-07-18 15:15:15', '2019-07-18 15:15:15'),
(5, 9, 'Prof. Naomie Haley', 'Illo sed excepturi a est modi corrupti. Alias debitis deserunt porro in. Corrupti officiis autem quis atque voluptas consequatur rerum. Assumenda nulla saepe repellendus commodi.', 5, '2019-07-18 15:15:15', '2019-07-18 15:15:15'),
(6, 9, 'Mr. Garrison Pollich V', 'Et aperiam et neque dolor. Mollitia assumenda deleniti sed tempora inventore voluptatem et. Ipsum quia quasi ad nulla eos impedit.', 0, '2019-07-18 15:15:15', '2019-07-18 15:15:15'),
(7, 26, 'Tania Kovacek', 'Animi alias aut ipsa. Corrupti voluptas ullam dolorem distinctio neque. Consectetur occaecati natus nulla sed itaque distinctio accusantium. Exercitationem at mollitia hic omnis.', 3, '2019-07-18 15:15:15', '2019-07-18 15:15:15'),
(8, 37, 'Jessie Wehner', 'Consequuntur dignissimos id natus qui qui a. Autem et aliquam mollitia. Dolorem ratione ipsum magni magni est sit quaerat. Iure occaecati ut exercitationem sit omnis ea consequatur.', 5, '2019-07-18 15:15:15', '2019-07-18 15:15:15'),
(9, 2, 'Samir Stamm', 'Omnis quam voluptatem provident neque ipsa rerum repudiandae qui. Amet et quia similique quia eius. Id numquam odio voluptas id reprehenderit qui molestias. Natus voluptas ut in ullam.', 4, '2019-07-18 15:15:15', '2019-07-18 15:15:15'),
(10, 10, 'Letitia Monahan', 'Hic ut veniam commodi deleniti atque harum. Id sunt quis quae inventore quia delectus. Blanditiis dolore est accusantium officiis. Saepe culpa vitae quasi est laborum.', 4, '2019-07-18 15:15:15', '2019-07-18 15:15:15'),
(11, 42, 'Jodie Heaney', 'Eum ut iure rerum qui aut. Laudantium et magni autem voluptatem fugit ad. Temporibus reprehenderit nam ratione corrupti. Quis ex totam et officiis quas ratione.', 5, '2019-07-18 15:15:15', '2019-07-18 15:15:15'),
(12, 4, 'Jamaal Gerlach', 'Tenetur molestiae nobis beatae ipsa voluptas debitis aut aut. Accusantium aut officiis magni consequatur occaecati. Voluptas vero quasi consectetur voluptatibus reprehenderit. Et atque dolor nemo fugiat.', 5, '2019-07-18 15:15:15', '2019-07-18 15:15:15'),
(13, 30, 'Neoma Bradtke', 'Animi placeat ut magni sit voluptas et. Non hic et aut magnam autem itaque molestiae. Harum dicta autem qui autem facere ullam maxime.', 1, '2019-07-18 15:15:15', '2019-07-18 15:15:15'),
(14, 48, 'Dr. Bernadine Smith', 'Voluptate modi corrupti in error rerum. Cum est accusamus aut et at labore. Et aspernatur sequi fuga id non voluptatem aut. Nihil quod dolorum aliquid eveniet explicabo quidem necessitatibus voluptates.', 0, '2019-07-18 15:15:15', '2019-07-18 15:15:15'),
(15, 17, 'Frances Schuppe', 'Vitae veniam dolor vel quasi. Impedit inventore consequuntur sint quisquam rem aut ex. Velit natus est velit itaque eum corrupti. Molestiae modi et enim quidem natus et.', 5, '2019-07-18 15:15:15', '2019-07-18 15:15:15'),
(16, 22, 'Rosemary Effertz', 'Doloremque rerum perspiciatis accusantium explicabo. Molestiae ad eos dolores omnis unde. Et illo necessitatibus necessitatibus aut nihil sint et fuga. A ex in placeat nobis et quaerat.', 5, '2019-07-18 15:15:15', '2019-07-18 15:15:15'),
(17, 19, 'Charity Sipes', 'Magni et quia quo fuga consequatur quam non autem. Et molestiae occaecati nihil dolores.', 2, '2019-07-18 15:15:15', '2019-07-18 15:15:15'),
(18, 47, 'Eleazar Ferry', 'Sint quam iusto aut quibusdam fugiat ipsum. Est eum ad commodi non beatae optio totam. Ex quas asperiores sed qui eveniet nobis exercitationem.', 4, '2019-07-18 15:15:15', '2019-07-18 15:15:15'),
(19, 9, 'Mervin Runte MD', 'Occaecati suscipit incidunt ad error. Quia et temporibus eligendi libero est repellat deserunt. Commodi omnis omnis velit recusandae laborum officia. Corporis alias voluptatum molestiae omnis.', 0, '2019-07-18 15:15:15', '2019-07-18 15:15:15'),
(20, 39, 'Fern Macejkovic', 'Dolorum sint cumque officia. Laboriosam in inventore voluptatem enim ad atque explicabo.', 0, '2019-07-18 15:15:15', '2019-07-18 15:15:15'),
(21, 3, 'Jack Miller', 'Voluptatem eum quis sed aut ut et. Autem ut incidunt dignissimos rerum.', 2, '2019-07-18 15:15:15', '2019-07-18 15:15:15'),
(22, 28, 'Johathan Lemke II', 'Iure sit itaque molestiae excepturi voluptatem autem. Illum similique nobis aliquid eaque aut aperiam blanditiis. Vel repudiandae odit deleniti commodi voluptatibus nostrum sit. Blanditiis adipisci sapiente est odio non.', 0, '2019-07-18 15:15:15', '2019-07-18 15:15:15'),
(23, 1, 'Jannie Kuphal', 'Et est sed praesentium dignissimos facilis veritatis. Optio accusamus sit nesciunt ea ut dolores ut. Sapiente possimus qui provident voluptatem sit soluta.', 5, '2019-07-18 15:15:15', '2019-07-18 15:15:15'),
(24, 11, 'Kris Sipes', 'Nostrum mollitia explicabo adipisci omnis iure voluptates. Cumque non sit similique aperiam. Voluptas eius totam at autem assumenda non. Repellendus minima optio eum perspiciatis.', 3, '2019-07-18 15:15:15', '2019-07-18 15:15:15'),
(25, 13, 'Prof. Trisha Jenkins', 'Velit fuga eum dolor voluptatem quaerat incidunt voluptatem. Blanditiis atque est quo aut dolor non voluptates sed. Omnis fugiat amet maxime illo accusamus et. At architecto aut aliquam veritatis quia pariatur qui provident. Id omnis quo aliquam reprehenderit recusandae alias.', 3, '2019-07-18 15:15:15', '2019-07-18 15:15:15'),
(26, 22, 'Lennie Friesen', 'Sint quia expedita et in totam sequi. Perferendis quasi eligendi unde qui.', 0, '2019-07-18 15:15:15', '2019-07-18 15:15:15'),
(27, 18, 'Dr. Kayleigh Reichel Sr.', 'Omnis modi atque pariatur. Est tenetur omnis velit doloremque distinctio. Iste nisi accusantium id aut non maiores. Iste est voluptas assumenda enim.', 1, '2019-07-18 15:15:15', '2019-07-18 15:15:15'),
(28, 10, 'Amely Robel DDS', 'Facilis vel architecto non qui minus. Id beatae doloribus eum fuga. Fuga cumque ipsa consequatur.', 0, '2019-07-18 15:15:15', '2019-07-18 15:15:15'),
(29, 29, 'Miss Maureen Emard', 'Dolores omnis sed dolor officiis. Autem aut deserunt itaque voluptatem qui nisi in ut.', 0, '2019-07-18 15:15:15', '2019-07-18 15:15:15'),
(30, 50, 'Devante Littel', 'Atque recusandae sit odio non et doloribus in. Sit occaecati asperiores fugiat. Earum iure fugiat nemo qui sed facere recusandae. Nostrum quo veritatis sunt et in.', 4, '2019-07-18 15:15:15', '2019-07-18 15:15:15'),
(31, 14, 'Dr. Lyda Quigley MD', 'Deleniti eos magnam nisi illo eaque ea ut. Ipsa officia enim voluptatibus impedit accusantium maiores sit. Rerum consectetur perspiciatis praesentium aut assumenda molestias.', 1, '2019-07-18 15:15:15', '2019-07-18 15:15:15'),
(32, 10, 'Yvonne Harris', 'Unde repudiandae maiores explicabo et sit facere. Ratione eveniet dolores totam saepe animi. Quos voluptatem eligendi quae asperiores non. Animi est sed labore eos omnis sed et.', 1, '2019-07-18 15:15:15', '2019-07-18 15:15:15'),
(33, 3, 'Ms. Allison Metz', 'Facilis cumque labore laboriosam dolorem minus ut praesentium. Qui et alias architecto explicabo. Odio debitis nostrum consequatur rerum eum maxime est.', 5, '2019-07-18 15:15:15', '2019-07-18 15:15:15'),
(34, 4, 'Kenya Anderson DVM', 'Aliquam qui est neque est tenetur. Est quaerat esse excepturi quia. Porro quia accusamus at sit laboriosam quis eum.', 1, '2019-07-18 15:15:15', '2019-07-18 15:15:15'),
(35, 39, 'Prof. Samson Kirlin', 'Enim consequuntur maxime doloribus tempore est sit expedita. Mollitia et rerum rerum error hic. Quis placeat doloremque voluptas nobis architecto excepturi. Magni consequuntur quos omnis tenetur fugit perspiciatis rerum. Vel et totam aut eum nihil est.', 4, '2019-07-18 15:15:15', '2019-07-18 15:15:15'),
(36, 44, 'Alexander Steuber Jr.', 'Suscipit ut quo voluptas eaque. Harum libero excepturi sint dignissimos expedita. Quidem totam eaque eligendi unde. Molestias quia aut repellat vel tempora.', 1, '2019-07-18 15:15:15', '2019-07-18 15:15:15'),
(37, 4, 'Catalina Bogan', 'Voluptates possimus error autem quasi blanditiis. Et dolorem reprehenderit inventore quia. Nihil aliquam sunt natus fugit corporis velit.', 1, '2019-07-18 15:15:15', '2019-07-18 15:15:15'),
(38, 25, 'Jaeden Miller', 'Asperiores laboriosam reprehenderit ipsum laboriosam sed distinctio. Vel pariatur facilis cum delectus optio quia.', 3, '2019-07-18 15:15:15', '2019-07-18 15:15:15'),
(39, 5, 'Marjory Harvey', 'Ea molestias et aut. Voluptatum aut architecto illo qui consectetur. Et ea facere ut consequatur voluptate expedita. Magni molestias impedit facere qui pariatur nemo.', 1, '2019-07-18 15:15:15', '2019-07-18 15:15:15'),
(40, 44, 'Eunice Fisher III', 'Rem inventore repudiandae quas adipisci reprehenderit ut consequatur. Autem et quis ut velit natus voluptas non. Eum optio dolor occaecati facilis dignissimos. Odio maiores natus voluptatibus quis cum eaque.', 0, '2019-07-18 15:15:15', '2019-07-18 15:15:15'),
(41, 46, 'Zaria Feil', 'Quod necessitatibus minima cumque modi dolores minus. Commodi amet nam aut dolorem. Natus et et cupiditate et.', 4, '2019-07-18 15:15:15', '2019-07-18 15:15:15'),
(42, 16, 'Arthur Rippin', 'Illo harum numquam modi ut voluptates doloremque excepturi. Perspiciatis laboriosam omnis rem sapiente. Quod voluptas sint perferendis.', 4, '2019-07-18 15:15:15', '2019-07-18 15:15:15'),
(43, 3, 'Savanna Brekke', 'Ducimus nemo deleniti est omnis tempora. Quae suscipit et minus eius. Ipsa ut quaerat qui omnis sit. Non minus quia sint qui inventore.', 0, '2019-07-18 15:15:15', '2019-07-18 15:15:15'),
(44, 34, 'Dr. Sanford Buckridge', 'Placeat alias alias non. Quisquam ut omnis ex consectetur. Doloribus dicta similique fuga nihil ipsam. Doloribus dolorum fugit neque sed omnis facilis.', 5, '2019-07-18 15:15:15', '2019-07-18 15:15:15'),
(45, 4, 'Mr. Flavio Kshlerin Sr.', 'Explicabo ullam ut minus dolore dolorem quibusdam quae. Tenetur veritatis officiis vel perferendis. Explicabo necessitatibus est minus quo iste.', 5, '2019-07-18 15:15:15', '2019-07-18 15:15:15'),
(46, 41, 'Miss Virginia Mosciski II', 'Ut officiis temporibus occaecati fugit labore. Aperiam repellat mollitia est. Ea veritatis tenetur aut maiores commodi quia ea.', 4, '2019-07-18 15:15:15', '2019-07-18 15:15:15'),
(47, 46, 'Mr. Royal Hettinger', 'Labore et explicabo quia et incidunt nam. Accusamus sit ut id pariatur asperiores occaecati eaque. Consequatur libero explicabo fugit dolorem et beatae.', 4, '2019-07-18 15:15:15', '2019-07-18 15:15:15'),
(48, 49, 'Florida Bartoletti', 'Corrupti architecto et animi vero. Eius magnam voluptas soluta dolor consequatur. Facere ex iusto alias quo delectus.', 5, '2019-07-18 15:15:15', '2019-07-18 15:15:15'),
(50, 8, 'Rachael Legros', 'Aut nulla quae illo possimus ea corporis consequuntur. Sed eaque porro aut sit ea explicabo. Accusantium commodi excepturi ipsa amet. Ipsum voluptas recusandae aut non nemo.', 0, '2019-07-18 15:15:15', '2019-07-18 15:15:15'),
(51, 40, 'Anya Rohan', 'Veniam et enim officia consequatur eaque et. Est provident et sapiente sit. Ad molestiae itaque ut similique maiores.', 5, '2019-07-18 15:15:15', '2019-07-18 15:15:15'),
(52, 17, 'Dr. Rosemarie Hand MD', 'Atque aut atque natus sed. Voluptates qui asperiores ipsum aut. Molestias doloremque suscipit distinctio fugit cumque voluptatem. Hic sed illum odit aut sed ipsam.', 0, '2019-07-18 15:15:15', '2019-07-18 15:15:15'),
(53, 2, 'Miss Meagan Gleason', 'Officiis ullam dolores quia est alias eum sed. Qui eius impedit non sit ut enim. Beatae quod saepe quo quam. Veritatis in est sed ipsa tempora sed nulla.', 1, '2019-07-18 15:15:15', '2019-07-18 15:15:15'),
(54, 20, 'Miss Peggie Stehr', 'Soluta aperiam corporis cupiditate ea occaecati. Id quia eligendi perspiciatis quisquam. Voluptatem voluptatem adipisci beatae voluptates. Fugit accusamus modi impedit commodi non commodi amet.', 3, '2019-07-18 15:15:15', '2019-07-18 15:15:15'),
(55, 11, 'Alaina Stanton', 'Asperiores nesciunt quo rerum libero rerum. Natus dolor et nihil aut id et. Eaque voluptatibus in neque enim at est aut. Veniam tenetur qui eius enim esse.', 4, '2019-07-18 15:15:15', '2019-07-18 15:15:15'),
(56, 34, 'Lorenz Wilderman', 'Itaque mollitia nemo a aut similique. At inventore voluptatibus est enim aliquam autem maiores. Architecto rerum sunt beatae iste eos vitae fuga. Nihil rem mollitia quibusdam neque quasi.', 5, '2019-07-18 15:15:15', '2019-07-18 15:15:15'),
(57, 38, 'Lucious Muller', 'Sit cupiditate qui repellat ratione officia suscipit. Non aperiam alias id est et. Deleniti maxime non libero.', 0, '2019-07-18 15:15:15', '2019-07-18 15:15:15'),
(58, 48, 'Johnson Wisozk', 'Tempora aut consequatur praesentium iusto molestiae est neque. Eos aut nihil maiores qui et. Voluptatum autem qui praesentium ullam nulla.', 0, '2019-07-18 15:15:15', '2019-07-18 15:15:15'),
(59, 25, 'Loraine Armstrong', 'Modi ratione inventore porro voluptatem cupiditate aliquid. Consequatur ipsam fugiat est at optio libero qui. Vitae animi laboriosam eaque nostrum dolor.', 5, '2019-07-18 15:15:15', '2019-07-18 15:15:15'),
(60, 5, 'Prof. Garrett Smith V', 'Veniam facilis modi ut qui omnis est. Molestiae voluptatem id accusamus laboriosam eos incidunt. Ipsam illum fuga voluptatem nisi amet voluptatum molestiae. Quia quod ut voluptas beatae.', 3, '2019-07-18 15:15:15', '2019-07-18 15:15:15'),
(61, 23, 'Sadie Greenholt', 'Quia quod recusandae libero veniam doloribus cum. Provident ullam provident rem consectetur ut et. Aperiam dolores molestiae dolorem fuga debitis vel libero. Numquam nobis repellendus totam veniam dicta sed.', 1, '2019-07-18 15:15:15', '2019-07-18 15:15:15'),
(62, 48, 'Loyal Beahan', 'Ipsa ex voluptatem quia voluptas. Voluptatem blanditiis in soluta omnis officia quia. Molestias ducimus voluptas iste ipsum hic quam consectetur recusandae. Veritatis voluptates error eligendi.', 4, '2019-07-18 15:15:15', '2019-07-18 15:15:15'),
(63, 34, 'Ms. Letitia Koch', 'Quia aliquam ut omnis sint explicabo enim. Quia quia fuga fuga nulla rerum consequatur. Nostrum ratione beatae molestias est et.', 3, '2019-07-18 15:15:15', '2019-07-18 15:15:15'),
(64, 44, 'Stevie Marks DDS', 'Ut quam minus eaque officia eius quia porro. Doloribus nostrum ut hic quae eum. Adipisci et sapiente qui fugit aut ad. Et qui ea atque facilis aspernatur eaque.', 5, '2019-07-18 15:15:15', '2019-07-18 15:15:15'),
(65, 7, 'Evert Emmerich', 'Est ratione deleniti voluptatibus fuga. Similique ipsam iusto enim occaecati nihil nisi quaerat. Et qui sint illum illo sunt.', 0, '2019-07-18 15:15:15', '2019-07-18 15:15:15'),
(66, 11, 'Alba Miller', 'Impedit sit omnis vero qui culpa aut. Recusandae odit optio officia. Ipsa repudiandae magni aut dolor asperiores sint voluptate quas.', 5, '2019-07-18 15:15:15', '2019-07-18 15:15:15'),
(67, 38, 'Maritza Towne', 'Voluptatum neque necessitatibus sunt at esse. Repellendus molestias et itaque excepturi illum. Provident minima explicabo quaerat id aut rerum.', 0, '2019-07-18 15:15:15', '2019-07-18 15:15:15'),
(68, 39, 'Elody Weissnat', 'Voluptates voluptatum ullam autem et quidem dolore. Sint accusantium voluptates minima molestiae sint maxime qui aut. Quidem velit et dolorem in ab quae vero.', 1, '2019-07-18 15:15:15', '2019-07-18 15:15:15'),
(69, 41, 'Ms. Yoshiko Nolan', 'Magnam aut adipisci maxime rem nobis voluptatem. Velit id quas facere architecto fugiat nostrum accusamus. Veniam adipisci et eaque expedita dolore est.', 5, '2019-07-18 15:15:15', '2019-07-18 15:15:15'),
(70, 6, 'Amir Moore IV', 'Pariatur ex nostrum facilis totam aut voluptatum id. Eum magni praesentium sapiente sed facilis. Adipisci maxime omnis ex architecto.', 1, '2019-07-18 15:15:15', '2019-07-18 15:15:15'),
(71, 33, 'Stacey Schmidt', 'Qui nisi aut consequatur mollitia. Aut ullam velit inventore qui quos dolorem. Similique quia exercitationem laboriosam et.', 2, '2019-07-18 15:15:15', '2019-07-18 15:15:15'),
(72, 28, 'Cristian Corwin', 'Eum occaecati error asperiores et debitis iure ipsum. In dolores consequatur non impedit consequatur neque tenetur.', 5, '2019-07-18 15:15:15', '2019-07-18 15:15:15'),
(73, 10, 'Breana Gutkowski', 'Eos alias sit rerum error et voluptate fuga. Inventore animi dolores accusantium quia tempore. Distinctio id quasi placeat odit veniam vel omnis ut.', 2, '2019-07-18 15:15:15', '2019-07-18 15:15:15'),
(74, 38, 'Emmanuelle Bradtke IV', 'Laudantium laborum vitae eligendi vel. Iure et minima in. Accusantium ullam provident recusandae ad. Ea corrupti aut soluta inventore.', 2, '2019-07-18 15:15:15', '2019-07-18 15:15:15'),
(75, 18, 'Jon Schultz', 'Accusamus omnis qui laborum neque eveniet. Omnis ipsam ut reiciendis magnam deleniti excepturi est. Animi officiis ducimus nemo quos ea. Sunt laboriosam hic sint ad.', 3, '2019-07-18 15:15:15', '2019-07-18 15:15:15'),
(76, 29, 'Sid Stracke', 'Aspernatur minima error fugit veniam repellendus sed. Ducimus nisi earum eius voluptas quibusdam.', 3, '2019-07-18 15:15:15', '2019-07-18 15:15:15'),
(77, 2, 'Cale Crona', 'Ipsam aut qui amet et modi hic dignissimos. Aut voluptate quos ea facere sequi ipsam error iusto. Odio alias corrupti tenetur odit est veritatis. Facilis iste ut esse nostrum et.', 4, '2019-07-18 15:15:15', '2019-07-18 15:15:15'),
(78, 21, 'Charlie Von', 'Voluptatem unde sed repudiandae provident magnam. Et temporibus enim fugiat. Mollitia fuga maxime ullam sint consequuntur vel officia.', 3, '2019-07-18 15:15:15', '2019-07-18 15:15:15'),
(79, 12, 'Curt Streich II', 'Id quasi hic et iure velit placeat minus placeat. Nulla omnis quisquam voluptatum expedita. Magnam eaque eum deleniti eos voluptatem sint ut consequatur. Incidunt eum modi sit maiores. Illo magni repellat laborum quos.', 4, '2019-07-18 15:15:15', '2019-07-18 15:15:15'),
(80, 16, 'Dr. Polly Murphy II', 'Id corporis quibusdam cumque consequatur tenetur inventore beatae non. Quia molestiae est eos non voluptatem vel.', 1, '2019-07-18 15:15:15', '2019-07-18 15:15:15'),
(81, 37, 'Dr. Yasmin Lubowitz', 'Reprehenderit aut mollitia maxime dolore dolores non maiores. Ipsam non enim vel. Architecto est qui et magnam nulla. Cum distinctio beatae eveniet est a molestiae.', 1, '2019-07-18 15:15:15', '2019-07-18 15:15:15'),
(82, 44, 'Blair Mills', 'Numquam necessitatibus non architecto non autem. Odio et autem beatae. Aut similique at et consequatur eaque nemo.', 5, '2019-07-18 15:15:15', '2019-07-18 15:15:15'),
(83, 4, 'Theodora Krajcik', 'Enim sapiente deleniti numquam dolore fugiat id. Error quia hic qui. Quo quasi vero sit soluta minus. Quos adipisci libero sed hic eius. Accusantium omnis vel id.', 3, '2019-07-18 15:15:15', '2019-07-18 15:15:15'),
(84, 15, 'Zena Jenkins', 'Aut enim ullam dolor sapiente dolor voluptatibus in. Officia ullam et quibusdam ut. Quo voluptatem dolorem odio ipsa aut dolor enim. Reprehenderit impedit aut ipsam qui quia odit amet.', 3, '2019-07-18 15:15:15', '2019-07-18 15:15:15'),
(85, 43, 'Crystal Sanford', 'Voluptates animi quam rem ducimus ut. Occaecati eveniet facilis quo dolore vel. Qui doloribus nostrum facere. Voluptas voluptatem quia facere minima.', 3, '2019-07-18 15:15:15', '2019-07-18 15:15:15'),
(86, 47, 'Prof. Sabina Carter IV', 'Amet sequi quia et sed. Veniam accusantium doloribus mollitia optio voluptatum minima consequuntur. Beatae amet quas iure. Labore consequuntur nihil et dolore natus deserunt ipsam. Porro iure non harum aut provident.', 4, '2019-07-18 15:15:15', '2019-07-18 15:15:15'),
(87, 2, 'Cleora Dickens DVM', 'Ut error ut et sunt. Vel molestiae veniam quos voluptatem.', 4, '2019-07-18 15:15:15', '2019-07-18 15:15:15'),
(88, 48, 'Miss Monica Cremin', 'Accusamus alias nihil nisi eos autem adipisci maxime. Autem nihil nulla est aut. Deleniti autem quia tempora incidunt in molestiae. Quibusdam et neque aut et quas voluptas id esse.', 4, '2019-07-18 15:15:15', '2019-07-18 15:15:15'),
(89, 8, 'Kobe Bruen', 'Perspiciatis ipsum quo numquam quas aliquam dignissimos et esse. Consequatur cum aut qui et. Aut earum quae sit magni reprehenderit qui. Sunt tempore sint sunt cupiditate est itaque voluptas.', 5, '2019-07-18 15:15:15', '2019-07-18 15:15:15'),
(90, 27, 'Sierra Morissette', 'Fugit qui porro ad. Et sit quibusdam molestias accusantium dolores. Atque optio vitae et. Debitis maiores et aut ipsum qui. Qui officiis illum eligendi.', 2, '2019-07-18 15:15:15', '2019-07-18 15:15:15'),
(91, 27, 'Mr. Lyric Mraz', 'Natus quia asperiores doloribus expedita. Natus temporibus sit sed quis voluptatem qui. Asperiores fuga sint voluptatem natus dolor.', 2, '2019-07-18 15:15:15', '2019-07-18 15:15:15'),
(92, 50, 'Raphaelle Johnson', 'Provident id dicta esse in voluptas porro. Esse corrupti ut voluptatibus fugit eum molestiae. Et facere dolore quod dolorem ad.', 1, '2019-07-18 15:15:15', '2019-07-18 15:15:15'),
(94, 32, 'Madilyn Cormier', 'Dolorem ipsum saepe consequatur voluptatem. Exercitationem facilis quo beatae. Laborum qui ut reprehenderit iure dolore rerum. Non unde quam voluptas suscipit porro.', 5, '2019-07-18 15:15:15', '2019-07-18 15:15:15'),
(95, 20, 'Greyson Monahan', 'Nulla aperiam dolorem nesciunt vitae consequatur id. Ipsa occaecati quisquam facere odio praesentium rerum esse rem. Qui illo hic eum sit hic cumque vitae. Officia nostrum odio rerum et.', 1, '2019-07-18 15:15:15', '2019-07-18 15:15:15'),
(96, 41, 'Porter Blick', 'Voluptatum eum natus neque est. Praesentium vitae voluptas explicabo autem omnis sit. Excepturi ut qui qui sit. Perferendis ullam rem nihil veritatis in quibusdam.', 2, '2019-07-18 15:15:15', '2019-07-18 15:15:15'),
(97, 34, 'Jess Stanton', 'Aut et necessitatibus sed libero itaque est et quos. Aut sit sapiente et. Labore et aspernatur et dignissimos a vel.', 0, '2019-07-18 15:15:15', '2019-07-18 15:15:15'),
(98, 38, 'Keyshawn Schroeder', 'Minus nihil suscipit sapiente sint qui enim hic. Quasi pariatur consequuntur cumque porro necessitatibus officiis animi. Dolore accusantium inventore repellendus non sint cum adipisci animi. Nostrum necessitatibus dolores fugiat et dolorem.', 0, '2019-07-18 15:15:15', '2019-07-18 15:15:15'),
(99, 30, 'Colin Reynolds', 'Sed ratione facere totam nesciunt non provident consequatur. Eveniet nostrum at suscipit ut dolorem possimus quis. Iusto assumenda ex autem ea explicabo. Reiciendis enim qui totam autem facere.', 4, '2019-07-18 15:15:15', '2019-07-18 15:15:15'),
(101, 12, 'Zita Schmidt', 'Nihil quia consectetur perferendis in. Labore exercitationem accusamus veniam quod excepturi fuga nihil. Assumenda rerum omnis est itaque voluptate sint.', 3, '2019-07-18 15:15:15', '2019-07-18 15:15:15'),
(102, 4, 'Dr. Thelma Wuckert', 'Odit dolorem occaecati debitis consequatur. Ex velit et hic qui enim voluptas. Maiores recusandae dolorem eaque et quis numquam molestiae odio. Aspernatur nostrum sit recusandae.', 5, '2019-07-18 15:15:15', '2019-07-18 15:15:15'),
(103, 12, 'Lyla Krajcik', 'Molestias voluptas non velit saepe. Dolorum fugiat nulla esse fugit laboriosam at. Sint omnis sit aspernatur tempora quae. Illum tempore porro necessitatibus est error.', 0, '2019-07-18 15:15:15', '2019-07-18 15:15:15'),
(104, 41, 'Marta Grant Jr.', 'Molestiae dolores totam libero. Quasi dolorem numquam dolores voluptatem dolorem eos eos. Suscipit doloribus illo minima aut. Autem suscipit aspernatur dicta maxime.', 5, '2019-07-18 15:15:15', '2019-07-18 15:15:15'),
(105, 21, 'Maurice Brown Sr.', 'Eaque et et tempora voluptatibus sed qui modi. Sint ea dolore quas voluptas dolor sint. Laboriosam nostrum facere consequatur.', 3, '2019-07-18 15:15:15', '2019-07-18 15:15:15'),
(106, 16, 'Marta Graham', 'Maiores recusandae corporis aspernatur dolores id. Sapiente in harum aliquam rerum. Dicta voluptatibus illo eius pariatur ipsum aliquam commodi. Dolores non consequatur dolor.', 1, '2019-07-18 15:15:15', '2019-07-18 15:15:15'),
(107, 39, 'Mr. Haskell Homenick II', 'Consequatur molestias maiores quae perferendis ullam voluptas exercitationem. Exercitationem aut nam voluptatem similique. Corrupti et quae beatae occaecati. Harum odio dolores totam sit error inventore.', 2, '2019-07-18 15:15:15', '2019-07-18 15:15:15'),
(108, 49, 'Prof. Cornell Gorczany I', 'Nulla vel aspernatur tempora suscipit repellendus tenetur. Iste qui molestiae reiciendis sit ullam ea quas. Cumque dolorum id non eum nemo excepturi reprehenderit.', 1, '2019-07-18 15:15:15', '2019-07-18 15:15:15'),
(109, 45, 'Mrs. Bonnie Nitzsche I', 'Deserunt ut atque laudantium tempora et mollitia eius. Amet maxime officiis voluptas ea alias. Et quisquam dolorem enim omnis et debitis.', 2, '2019-07-18 15:15:15', '2019-07-18 15:15:15'),
(110, 7, 'Nolan Gusikowski', 'Aut amet doloribus qui adipisci et. Ut optio libero officia quae molestias optio. Voluptas nobis temporibus iusto nostrum autem commodi non.', 5, '2019-07-18 15:15:15', '2019-07-18 15:15:15'),
(112, 31, 'Lura Simonis', 'Consequatur quia et aut dolorem qui temporibus ea. Nihil perferendis rerum cum vero. Ut ab quas quam mollitia repudiandae. Et corporis eum eum consequatur quasi.', 2, '2019-07-18 15:15:15', '2019-07-18 15:15:15'),
(114, 18, 'Prof. Kayli Feeney V', 'Voluptatum eum nam est. Distinctio delectus vel dolore repellendus sunt doloribus nesciunt. Quia temporibus ullam similique ad. Quam voluptas commodi qui consequatur voluptatum.', 2, '2019-07-18 15:15:15', '2019-07-18 15:15:15'),
(115, 30, 'Mr. Brett Schaefer', 'Et exercitationem placeat consequatur est eveniet voluptatem doloribus aut. Nesciunt accusantium autem iure alias qui libero. Minima ipsa consequatur quaerat quia molestiae occaecati. Ullam aut sit exercitationem molestiae quo.', 5, '2019-07-18 15:15:15', '2019-07-18 15:15:15'),
(116, 39, 'Ms. Maybelle Orn III', 'Sit incidunt aut laboriosam ex ipsam. Provident et excepturi ab quos. Perspiciatis et eius in unde est ea soluta qui. Libero quis rerum repellat.', 4, '2019-07-18 15:15:15', '2019-07-18 15:15:15'),
(117, 33, 'Bruce Gerhold', 'Adipisci possimus expedita sed quia vel at. Et aut porro veritatis veniam hic labore. Qui suscipit sit ullam tempore quia.', 5, '2019-07-18 15:15:15', '2019-07-18 15:15:15'),
(118, 29, 'Darrin D\'Amore', 'In voluptatem veniam nesciunt. Architecto laboriosam quidem accusantium earum doloribus doloremque. Quo officia quisquam non dolor voluptas impedit ipsa fugiat. Aperiam sed reprehenderit nihil nihil vitae accusantium.', 2, '2019-07-18 15:15:15', '2019-07-18 15:15:15'),
(119, 46, 'Frederic Kutch', 'Tempora veritatis et ducimus veniam omnis atque esse. Nihil ut ut molestiae earum. Tenetur animi rerum officiis qui enim tempore eligendi.', 5, '2019-07-18 15:15:15', '2019-07-18 15:15:15'),
(120, 26, 'Prof. Hadley Blanda', 'Cupiditate sed nam enim beatae. Eum illo sed aliquid aut. Quae et et dignissimos.', 0, '2019-07-18 15:15:15', '2019-07-18 15:15:15'),
(121, 22, 'Prof. Roma Krajcik', 'Incidunt non tempora animi consequuntur velit adipisci totam. Blanditiis neque et quia aut ipsa. Nemo et et eius omnis. Omnis vitae quaerat unde quis sunt alias.', 4, '2019-07-18 15:15:15', '2019-07-18 15:15:15'),
(122, 2, 'Jana Bosco', 'Id deleniti ut sint mollitia quod repellat. Dicta nobis soluta esse sit. Sit quas est error error molestiae numquam eaque autem. Placeat hic sit quidem et nam nihil alias.', 1, '2019-07-18 15:15:15', '2019-07-18 15:15:15'),
(123, 21, 'Myrtle Daniel', 'Odio qui doloremque eos soluta numquam soluta voluptatem fugiat. Facere rem accusamus sed aut eius veritatis laudantium. Reprehenderit necessitatibus rem dolorem omnis et iusto sed.', 4, '2019-07-18 15:15:15', '2019-07-18 15:15:15'),
(124, 19, 'Anthony Hill', 'Similique consectetur alias quia dolore. Sint voluptates voluptatem omnis error qui ad quasi.', 3, '2019-07-18 15:15:15', '2019-07-18 15:15:15'),
(125, 13, 'Clara Schowalter', 'Quaerat sequi iste qui et cumque. Officia error itaque quod sunt. Quaerat sed et odit tempora.', 2, '2019-07-18 15:15:15', '2019-07-18 15:15:15'),
(126, 16, 'Juliet DuBuque', 'Sed cupiditate ex et numquam asperiores atque dolorem. Illum error atque ut qui nulla iusto hic. Maxime cupiditate rerum a quia sed sint.', 0, '2019-07-18 15:15:15', '2019-07-18 15:15:15'),
(127, 47, 'Malachi Harvey', 'Et at repudiandae consequuntur quo et quasi delectus. Eligendi optio earum dolores consequatur. Unde eum quidem ab eum occaecati architecto rerum dolores.', 4, '2019-07-18 15:15:15', '2019-07-18 15:15:15'),
(128, 11, 'Mr. Antone Sanford', 'Ipsum temporibus beatae qui sed ipsa soluta culpa. Magnam omnis rerum voluptatem corporis placeat consequatur sunt. Dolorem quisquam dolore accusamus reprehenderit officia. Rerum aliquam quaerat non eligendi consectetur explicabo.', 2, '2019-07-18 15:15:15', '2019-07-18 15:15:15'),
(129, 27, 'Lori Klein', 'In autem voluptate qui facilis voluptas cum esse. Ex adipisci autem quasi explicabo perspiciatis. Nam tempora doloribus deserunt ullam. Et occaecati ut ea cumque illum.', 4, '2019-07-18 15:15:15', '2019-07-18 15:15:15'),
(130, 37, 'Dr. Blair Schulist DDS', 'Rerum unde quis magnam voluptatem perspiciatis nostrum soluta. Ut magnam recusandae libero ea explicabo placeat molestias. Accusantium sit ad porro laborum voluptates. Eum non similique est.', 3, '2019-07-18 15:15:15', '2019-07-18 15:15:15'),
(131, 30, 'Carlotta Zieme', 'Aut commodi eius cum distinctio autem. Laborum sunt sequi architecto voluptas et voluptas. Architecto non amet sint eligendi laborum.', 0, '2019-07-18 15:15:15', '2019-07-18 15:15:15'),
(132, 42, 'Mrs. Katlyn Dooley DVM', 'Ad odio voluptate maxime qui veniam sapiente libero. Quam ut porro numquam numquam ipsam deleniti. Velit voluptatem ad facilis deserunt rerum laudantium quo. Sint voluptas unde aut et alias.', 4, '2019-07-18 15:15:15', '2019-07-18 15:15:15'),
(133, 4, 'Heloise Romaguera', 'At aliquid quam sed eaque et veritatis. Fuga deserunt ut inventore ut. Veniam qui reiciendis mollitia eos est qui et. Qui dolorum aut enim eius a reprehenderit.', 0, '2019-07-18 15:15:15', '2019-07-18 15:15:15'),
(134, 28, 'Maggie Simonis', 'Perspiciatis minus iure quibusdam id autem voluptatem ut. Provident natus totam ut voluptatem ea. Consequatur quia nihil enim quaerat. Laboriosam qui non similique et. Non corrupti minus sit eos vel mollitia voluptas.', 0, '2019-07-18 15:15:15', '2019-07-18 15:15:15'),
(135, 41, 'Mabel Feeney', 'Explicabo vitae doloribus accusamus qui est. Tempore est voluptates molestias aliquid voluptatum. Qui dolorem sed quia non dignissimos quo ducimus labore. Non eius temporibus quis necessitatibus fugit eum et aut.', 5, '2019-07-18 15:15:15', '2019-07-18 15:15:15'),
(136, 11, 'Jalyn Yost', 'Laborum aliquam voluptatum sed. Quo quia qui aut autem ut. Ut fuga a placeat et libero occaecati.', 2, '2019-07-18 15:15:15', '2019-07-18 15:15:15'),
(137, 30, 'Kennith Leuschke', 'Iure quidem et saepe distinctio omnis. Ab qui iusto quidem earum et aperiam. Et maxime officiis voluptas atque magni et ipsum. Tempore facere id in dolore et.', 5, '2019-07-18 15:15:15', '2019-07-18 15:15:15'),
(138, 21, 'Prof. Hortense McGlynn', 'Omnis minima nesciunt mollitia. Voluptate laudantium totam et asperiores.', 2, '2019-07-18 15:15:15', '2019-07-18 15:15:15'),
(139, 3, 'Casimer Breitenberg PhD', 'Consequuntur voluptate voluptates quibusdam. Tempora minus atque laudantium et cupiditate earum.', 1, '2019-07-18 15:15:15', '2019-07-18 15:15:15'),
(140, 50, 'Abbigail Hand', 'Omnis aut quaerat eligendi adipisci debitis aut aspernatur. Architecto nobis similique voluptatibus laudantium ad est praesentium. Consequatur veritatis qui fugiat blanditiis.', 5, '2019-07-18 15:15:15', '2019-07-18 15:15:15'),
(141, 25, 'Rickie Kuvalis', 'Accusamus facilis omnis aliquid rerum autem. A culpa vel enim quae ut aliquid.', 5, '2019-07-18 15:15:15', '2019-07-18 15:15:15'),
(142, 50, 'Prof. Laurence Hayes PhD', 'Eveniet maiores inventore quis est. Dolor quidem et rerum doloribus sed. Temporibus ut earum a nostrum nihil. Ratione minima consequatur accusantium placeat velit et consectetur.', 3, '2019-07-18 15:15:15', '2019-07-18 15:15:15'),
(143, 20, 'Anjali Weber', 'Fuga recusandae dicta quis incidunt. Minus vel dignissimos porro officiis sint praesentium soluta. Est inventore et ut alias dolorum.', 3, '2019-07-18 15:15:15', '2019-07-18 15:15:15'),
(144, 6, 'Ms. Macie Kreiger II', 'Eos deserunt qui aspernatur quas beatae. Laborum consectetur quibusdam fugit alias repellat sint rerum. Omnis et enim perferendis autem distinctio voluptatem. Et asperiores saepe et occaecati repudiandae suscipit voluptates.', 1, '2019-07-18 15:15:15', '2019-07-18 15:15:15'),
(145, 5, 'Earlene Nader', 'Illo consequatur rem ea. In consectetur sed excepturi in culpa quia. Voluptatum cupiditate qui suscipit et occaecati labore.', 0, '2019-07-18 15:15:15', '2019-07-18 15:15:15'),
(146, 9, 'Mortimer Ullrich', 'Architecto unde dolorum consequuntur possimus consequatur facere sed. Voluptatibus pariatur sit nam aut autem porro. Dolorem quisquam qui quod laborum molestiae et eum.', 4, '2019-07-18 15:15:15', '2019-07-18 15:15:15'),
(147, 15, 'Mr. Broderick VonRueden', 'Officiis odit fugit enim ab. Amet asperiores dicta commodi. Facilis et fugit autem fugiat omnis. Fugit delectus ratione iusto impedit impedit ducimus.', 1, '2019-07-18 15:15:15', '2019-07-18 15:15:15'),
(148, 46, 'Russell Kuhlman Jr.', 'Beatae architecto eveniet fugit tempora doloremque. Voluptatum suscipit aliquam atque doloribus aut. Rerum fugiat quas error non. Blanditiis aspernatur animi debitis quia.', 3, '2019-07-18 15:15:15', '2019-07-18 15:15:15'),
(149, 45, 'Mr. Norwood Klocko', 'At minima repellendus nesciunt. Optio eius rem nemo accusamus. Voluptate sint sit temporibus. Corrupti eos omnis quia modi modi dolor non.', 5, '2019-07-18 15:15:15', '2019-07-18 15:15:15'),
(150, 32, 'Xzavier Weber PhD', 'Sed incidunt est aut accusantium ducimus numquam asperiores nostrum. Voluptas et eum sed omnis repellendus ratione eaque. Qui et laboriosam culpa eius.', 2, '2019-07-18 15:15:15', '2019-07-18 15:15:15'),
(151, 44, 'Ashtyn Dickinson', 'Aut aut voluptatem consequatur laboriosam ipsum sit. Ipsa alias ex iure labore aut. Consequuntur quisquam nesciunt aperiam nisi nisi qui eum.', 0, '2019-07-18 15:15:15', '2019-07-18 15:15:15'),
(153, 42, 'Oren Emmerich', 'Illum veritatis ab delectus qui voluptas totam iure. Incidunt consequuntur ut ea in aut voluptatum. Quasi porro quis tempore quo laboriosam fuga delectus.', 1, '2019-07-18 15:15:15', '2019-07-18 15:15:15'),
(154, 47, 'Miss Tia Ziemann MD', 'Voluptatem ipsa accusamus dolore officiis sunt. Earum occaecati est aperiam magni. In architecto assumenda suscipit explicabo vero expedita. Quis iure provident quasi vitae libero ut vero.', 0, '2019-07-18 15:15:15', '2019-07-18 15:15:15'),
(155, 26, 'Prof. Quincy Casper', 'In ex est rem adipisci voluptates quis aut. Aut sunt repellat delectus occaecati. Recusandae ipsa inventore dolores. Eum quos eos sequi.', 5, '2019-07-18 15:15:15', '2019-07-18 15:15:15'),
(156, 38, 'Adella Cremin', 'Culpa quia est id nihil rerum et. Nemo molestiae itaque totam et et soluta esse.', 4, '2019-07-18 15:15:15', '2019-07-18 15:15:15'),
(157, 20, 'Colt Adams', 'Necessitatibus dignissimos fugiat magni autem velit. Qui quo quidem ipsum laborum ex assumenda eaque. Placeat velit voluptatem eveniet suscipit dolorem unde earum. Est dolorem consequuntur laudantium aut.', 4, '2019-07-18 15:15:15', '2019-07-18 15:15:15'),
(158, 25, 'Prof. Lawrence Weimann V', 'Molestiae quam nobis culpa ut. Debitis aut alias esse dolorem sunt. Laboriosam a et odio voluptatem.', 0, '2019-07-18 15:15:15', '2019-07-18 15:15:15'),
(159, 39, 'Brionna Schowalter', 'Porro tempora inventore corrupti ut accusantium vero nihil. Nostrum eum corporis sint tenetur pariatur sit. Enim ipsa molestiae excepturi aut repellendus rem unde eaque. Non recusandae nobis aperiam rerum omnis recusandae.', 2, '2019-07-18 15:15:15', '2019-07-18 15:15:15'),
(160, 1, 'Rachelle Mante DVM', 'Et et velit eum quibusdam est fugiat quod praesentium. Provident delectus aspernatur quae et. Atque quisquam minus hic unde blanditiis est itaque. Expedita quibusdam inventore aut suscipit reprehenderit distinctio quo. Maiores ducimus qui hic sint sed.', 1, '2019-07-18 15:15:15', '2019-07-18 15:15:15'),
(161, 27, 'Alfred Wuckert', 'Fugiat consequatur est facilis qui voluptates assumenda qui. Sunt sed accusamus delectus iste velit ipsam. Ab necessitatibus enim voluptates.', 4, '2019-07-18 15:15:15', '2019-07-18 15:15:15'),
(162, 7, 'Kasey Buckridge', 'Nihil exercitationem similique quia et. Assumenda ad animi voluptatem rem minima. Ut minus quis veniam fuga repellat nam. Accusamus quis et distinctio nulla et repellendus in.', 0, '2019-07-18 15:15:15', '2019-07-18 15:15:15'),
(163, 9, 'Ms. Carissa Stamm III', 'Ullam ut aut numquam sunt magnam. Possimus omnis sint ratione consequuntur. Aut dolor fugit aut temporibus quis error et et. Nam voluptatum est velit quidem officia dolorem. Doloremque officiis laborum sit ducimus officiis maxime.', 3, '2019-07-18 15:15:15', '2019-07-18 15:15:15'),
(164, 26, 'Dr. Sydni Greenholt I', 'Soluta ut molestiae dolore et sit hic repudiandae. Ad ratione et et dolor libero quas nihil. Quia possimus sed culpa repudiandae. Vitae ducimus numquam ut ea enim.', 4, '2019-07-18 15:15:15', '2019-07-18 15:15:15'),
(165, 28, 'Maud Langosh', 'Saepe ut tenetur sit dolore. Aliquid quis et ratione cupiditate. Et ut officiis rem. Amet nam blanditiis corporis velit minus.', 0, '2019-07-18 15:15:15', '2019-07-18 15:15:15'),
(166, 4, 'Nolan Greenfelder', 'Ut reprehenderit temporibus omnis aperiam non. Labore quis qui cupiditate eum et suscipit. Aspernatur molestiae aliquid est ab voluptates. Non exercitationem suscipit accusamus atque laudantium dolore. Aut rerum ut enim enim.', 5, '2019-07-18 15:15:15', '2019-07-18 15:15:15'),
(167, 38, 'Jonathon Stokes', 'Quas magnam suscipit perferendis at optio. Voluptas est ut voluptatem id hic voluptas quis. Repudiandae autem enim dolores aut. Et atque harum a explicabo.', 1, '2019-07-18 15:15:15', '2019-07-18 15:15:15'),
(168, 29, 'Dr. Jan Pagac', 'Sint officia cumque soluta excepturi animi dolorem. Dolores aspernatur debitis id doloribus et expedita. Iusto eos dicta quod omnis. Et est voluptates nesciunt in sed. Quia itaque repellat sunt et adipisci deserunt.', 5, '2019-07-18 15:15:15', '2019-07-18 15:15:15'),
(169, 25, 'Melany Dooley', 'Eius non sit totam fuga maiores est expedita voluptate. Adipisci ut magnam qui eos nemo est maxime neque. Doloribus aut quia repellendus sapiente autem maiores beatae. Aut a est maxime deleniti et iure.', 0, '2019-07-18 15:15:15', '2019-07-18 15:15:15'),
(170, 41, 'Lamar Brakus', 'Et et pariatur omnis temporibus error soluta a. Aut earum mollitia qui accusantium error. Voluptatibus consequatur ex quas quam reiciendis eos sit. Suscipit beatae vel ut cumque maxime voluptatem facere.', 1, '2019-07-18 15:15:15', '2019-07-18 15:15:15'),
(171, 47, 'Alejandrin Pouros', 'Eius fugiat neque ex eligendi eaque ut iste voluptatum. Assumenda alias aut eveniet. Minima aperiam odit fuga delectus non. Ipsam quidem rem labore ipsam labore.', 2, '2019-07-18 15:15:15', '2019-07-18 15:15:15'),
(172, 44, 'Dr. Mateo Rolfson', 'Fugiat et beatae consequatur voluptatibus quo. Voluptates porro et ut vitae nostrum ut. Beatae voluptatem qui ipsum ut consequatur voluptatem quis.', 5, '2019-07-18 15:15:15', '2019-07-18 15:15:15'),
(173, 37, 'Santino Torp', 'Nisi et alias voluptatum quia nobis nisi. Eos molestiae error consectetur ipsam quia. Aspernatur consectetur nisi provident itaque suscipit harum qui sint.', 1, '2019-07-18 15:15:15', '2019-07-18 15:15:15'),
(174, 4, 'Jaiden Hill', 'Illo explicabo quibusdam temporibus. Odit est fugiat sunt aperiam cupiditate. Ipsa ipsam eum et debitis.', 1, '2019-07-18 15:15:15', '2019-07-18 15:15:15'),
(175, 32, 'Miss Bonita Deckow', 'Error et architecto est voluptatem non et. Qui eum eum aliquam quis modi et. Natus illo tempore totam ipsam nemo. Et maiores numquam rerum.', 2, '2019-07-18 15:15:15', '2019-07-18 15:15:15'),
(176, 15, 'Gilda Bartoletti', 'Eveniet accusantium earum accusamus beatae laborum tempora. Aut omnis quo sed ea. Earum est quam iste sapiente ducimus vel officiis. Magni ut sit odio cum saepe. Nihil officiis velit voluptatem.', 2, '2019-07-18 15:15:15', '2019-07-18 15:15:15'),
(177, 16, 'Genoveva Kessler', 'Et vitae consequatur corporis molestiae necessitatibus iure. Officia dignissimos praesentium commodi harum corporis ducimus. Cum vitae delectus ea et accusantium aliquam totam quasi. Odit earum qui dicta vitae dicta deserunt.', 0, '2019-07-18 15:15:15', '2019-07-18 15:15:15'),
(178, 11, 'Amari Tremblay', 'Et est voluptatibus autem autem placeat. Vero saepe vel quia necessitatibus inventore. Magni repellat similique nobis sunt porro eum.', 5, '2019-07-18 15:15:15', '2019-07-18 15:15:15'),
(179, 42, 'Woodrow Rice', 'Eveniet minus et natus non nisi repellendus. Aspernatur non temporibus cumque.', 5, '2019-07-18 15:15:15', '2019-07-18 15:15:15'),
(180, 10, 'Magdalen Fay IV', 'Nam neque quisquam cum enim aliquid dolor. Commodi est blanditiis cum eos ex vel. Enim perferendis ea vero animi consequuntur magni aut. Accusamus quaerat similique necessitatibus eos ab.', 5, '2019-07-18 15:15:15', '2019-07-18 15:15:15'),
(181, 45, 'Jairo Parisian PhD', 'Numquam explicabo possimus aliquid non voluptatum est cumque ut. Laboriosam et et commodi neque perferendis. Maxime atque perferendis fugit animi dolor doloribus perferendis. Voluptatum rerum architecto earum et et.', 5, '2019-07-18 15:15:15', '2019-07-18 15:15:15'),
(182, 26, 'Cassandra Koch', 'Occaecati laudantium quidem sequi. Possimus ut est voluptas aliquam sed possimus. Placeat explicabo sit qui ducimus magnam.', 2, '2019-07-18 15:15:15', '2019-07-18 15:15:15'),
(183, 34, 'Ms. Kaya Bartoletti', 'Et doloremque ratione eligendi rem nihil tenetur qui. Temporibus aut harum id eos. Excepturi harum facere autem sit iure incidunt.', 3, '2019-07-18 15:15:15', '2019-07-18 15:15:15'),
(184, 11, 'Margaret Lind DDS', 'Et vel in quidem quaerat ut veniam. Quas dolorem culpa eius saepe qui. Quas adipisci quae aspernatur quod ipsam et ut. Animi consequatur impedit doloremque fuga quas.', 4, '2019-07-18 15:15:15', '2019-07-18 15:15:15'),
(185, 39, 'Ms. Lauretta Torp III', 'Aut quam aut laudantium non autem. Dolor aliquid et et ab nobis sed aut debitis. Fugiat autem ex ipsum expedita et non non.', 3, '2019-07-18 15:15:15', '2019-07-18 15:15:15'),
(186, 9, 'Kristoffer Von', 'Ipsam enim corporis architecto deserunt necessitatibus soluta qui. Eos mollitia commodi omnis ut quia. Numquam est dignissimos voluptas in quia et facere.', 5, '2019-07-18 15:15:16', '2019-07-18 15:15:16'),
(187, 21, 'Haylee Schroeder', 'Hic voluptas doloribus quis quo voluptas. Et laborum at enim voluptatem in dolorem. Aut et architecto qui iusto. Quibusdam ut saepe voluptas provident et eaque voluptatum.', 1, '2019-07-18 15:15:16', '2019-07-18 15:15:16'),
(188, 16, 'Camila Welch', 'Dolorum libero delectus beatae quis velit est cupiditate delectus. Repellat deserunt rerum autem explicabo consequatur. Sed molestiae facilis nobis placeat delectus eos nemo ea. Ea ut non qui saepe autem accusamus.', 5, '2019-07-18 15:15:16', '2019-07-18 15:15:16'),
(189, 37, 'Noah Daniel', 'Animi accusantium architecto quod odit. Molestiae qui natus magni esse autem ea mollitia. Et ipsum qui sed possimus. Qui et voluptatem ut sit laboriosam ex qui.', 1, '2019-07-18 15:15:16', '2019-07-18 15:15:16'),
(190, 23, 'Quentin Borer', 'Qui est odit illum odit in aspernatur. Deserunt repellat iste dolore est adipisci. Vel consequatur magni commodi impedit est eius ut. Eum quas et rerum velit est ratione reiciendis.', 3, '2019-07-18 15:15:16', '2019-07-18 15:15:16'),
(191, 38, 'Santino Dibbert', 'Occaecati quasi quis corrupti excepturi. Temporibus temporibus iste totam eligendi. Atque voluptatum eos molestiae similique quibusdam. Pariatur est nostrum voluptatem vel.', 1, '2019-07-18 15:15:16', '2019-07-18 15:15:16'),
(192, 41, 'Prof. Alba Bauch I', 'Molestias alias qui et sit. Ut ut sed saepe. Voluptatem distinctio expedita autem expedita vel ea. Vitae repellat reprehenderit molestiae suscipit.', 4, '2019-07-18 15:15:16', '2019-07-18 15:15:16'),
(193, 1, 'Roslyn Tromp', 'Placeat dolorem nesciunt quasi reiciendis sunt qui dolores et. Autem placeat consequatur inventore nisi perspiciatis ex. Quis vero numquam sapiente fugiat modi. Itaque impedit molestiae soluta.', 0, '2019-07-18 15:15:16', '2019-07-18 15:15:16'),
(195, 41, 'Shanie Bechtelar', 'Natus recusandae placeat non expedita unde tenetur sunt. Voluptate voluptas velit est qui doloribus maiores. Itaque repellat suscipit velit amet aut. Nobis quo dolores aut et.', 0, '2019-07-18 15:15:16', '2019-07-18 15:15:16'),
(196, 23, 'Ottilie Metz', 'Voluptatem impedit doloremque unde impedit corrupti. Esse occaecati voluptate est laborum. Rem mollitia maiores impedit omnis vel sit reiciendis.', 5, '2019-07-18 15:15:16', '2019-07-18 15:15:16'),
(197, 17, 'Prof. Hazle Christiansen Sr.', 'Molestias qui ad in veritatis necessitatibus. Porro totam unde natus voluptatem debitis rem dolor. Nisi omnis dicta nobis non iste delectus veritatis. Vitae iste molestiae veniam odio eaque ut.', 0, '2019-07-18 15:15:16', '2019-07-18 15:15:16'),
(198, 10, 'Paris Shields', 'Sint et ut molestias voluptatem. Eum atque est voluptatem cum veniam perferendis excepturi. Sit ipsam voluptatem odit laborum adipisci. Asperiores numquam nulla veniam.', 5, '2019-07-18 15:15:16', '2019-07-18 15:15:16'),
(199, 5, 'Wilburn Doyle', 'Deserunt ut dolorum ratione qui nam. Distinctio et tenetur laudantium et mollitia ut ex.', 2, '2019-07-18 15:15:16', '2019-07-18 15:15:16'),
(200, 10, 'Janice Mosciski', 'Ea in animi ipsam mollitia sit et. Cum ducimus nostrum repellendus est et ut id. Rerum quibusdam est optio esse quia.', 4, '2019-07-18 15:15:16', '2019-07-18 15:15:16'),
(201, 4, 'Erick Heathcote', 'Neque qui eos rerum perspiciatis et facilis quo. Illo earum velit mollitia et quas soluta neque. Amet ut voluptas cum reprehenderit nostrum qui quidem.', 1, '2019-07-18 15:15:16', '2019-07-18 15:15:16'),
(202, 25, 'Abigale Legros', 'Rem voluptas natus quia voluptas id sapiente. A provident sequi eveniet necessitatibus distinctio. Amet consequatur asperiores quo provident voluptatem vel.', 2, '2019-07-18 15:15:16', '2019-07-18 15:15:16'),
(203, 5, 'Alena Ryan', 'Ut et quam exercitationem molestiae quae. Est cumque repellendus veritatis sit. Vitae unde cumque voluptas voluptas qui. Illo ut fuga praesentium magni. Consequatur consectetur voluptatem minima quo nulla.', 1, '2019-07-18 15:15:16', '2019-07-18 15:15:16'),
(204, 34, 'Garett Aufderhar', 'Porro quia numquam dolorem sapiente laborum in odit qui. At aliquid minima nemo officia repudiandae natus laudantium. Aut accusamus nobis aut libero iure nostrum et. Explicabo atque non quis id rerum.', 4, '2019-07-18 15:15:16', '2019-07-18 15:15:16'),
(205, 25, 'Dr. Jon Medhurst', 'Quo nulla possimus velit voluptate. Sit sit qui rerum assumenda sed. Dolor sed veniam velit non saepe incidunt.', 4, '2019-07-18 15:15:16', '2019-07-18 15:15:16'),
(206, 49, 'Coleman Dibbert IV', 'Qui dicta incidunt quo et. Hic odio magnam numquam cum et. Minima corrupti quam aut dolorem deleniti aut maxime. In commodi nam tempora dolores suscipit.', 3, '2019-07-18 15:15:16', '2019-07-18 15:15:16'),
(207, 20, 'Marco McClure', 'Ut asperiores animi provident recusandae. Voluptate nihil nobis unde optio consectetur maiores quis. Ea reiciendis consequatur beatae sint ducimus totam reiciendis.', 4, '2019-07-18 15:15:16', '2019-07-18 15:15:16'),
(208, 31, 'Reginald Koss MD', 'Omnis sequi ut doloremque sint. Ea quaerat accusantium optio voluptatum. Illo autem omnis rerum soluta non corrupti.', 4, '2019-07-18 15:15:16', '2019-07-18 15:15:16'),
(209, 19, 'Cathy Heathcote', 'Enim enim aliquid praesentium excepturi asperiores occaecati nobis suscipit. Et similique eos ratione rerum. Beatae harum voluptates illum in ut omnis.', 0, '2019-07-18 15:15:16', '2019-07-18 15:15:16'),
(210, 18, 'Ryder Parker', 'Ullam dicta porro dicta eos. Optio consequatur sapiente qui. Ipsum quas voluptatem modi cum non nobis nam. Ut quis similique eius aut.', 2, '2019-07-18 15:15:16', '2019-07-18 15:15:16'),
(211, 27, 'Dr. Crawford Dach', 'Dolores nam dolor debitis reprehenderit et. Pariatur ducimus hic sit sit quia quam molestiae. Voluptatem repudiandae optio ex error consectetur quam laudantium. Iure velit quia optio amet dolore.', 2, '2019-07-18 15:15:16', '2019-07-18 15:15:16'),
(212, 19, 'Katharina Bins', 'Quam ratione harum sed error neque quasi qui. Veniam qui inventore sint impedit est animi. Maiores ab nostrum tenetur qui saepe sit est distinctio. Sequi quia voluptatem soluta sunt excepturi explicabo.', 0, '2019-07-18 15:15:16', '2019-07-18 15:15:16'),
(213, 5, 'Dr. Murray Morar MD', 'Rerum quam vel ut rem a. Consequatur quas aliquid velit qui excepturi. Ea harum unde aut. Et ullam accusantium saepe sunt blanditiis quia quo.', 1, '2019-07-18 15:15:16', '2019-07-18 15:15:16'),
(214, 34, 'Marcus Funk', 'Vitae at velit molestiae quod unde. Distinctio maiores error vitae praesentium quis itaque veritatis ex. In excepturi ipsam ut voluptatem.', 5, '2019-07-18 15:15:16', '2019-07-18 15:15:16'),
(215, 3, 'Gisselle Mertz', 'Accusantium maxime tempore consequatur ut accusamus. Saepe vel autem ut et debitis. Illum corporis illum ut ut. Saepe sed aut laborum illum veniam rem.', 2, '2019-07-18 15:15:16', '2019-07-18 15:15:16'),
(216, 29, 'Tom Schumm', 'Perferendis a fuga dolorum soluta incidunt. Neque ut magni qui at quisquam iusto quia. Impedit vel aut doloremque aperiam corrupti.', 4, '2019-07-18 15:15:16', '2019-07-18 15:15:16'),
(217, 29, 'Katheryn Collins V', 'Non voluptatum quis ducimus iure. Nam corrupti aut neque repellendus debitis ullam aut. Quidem minima consequatur impedit. Qui temporibus numquam incidunt adipisci quo quam.', 0, '2019-07-18 15:15:16', '2019-07-18 15:15:16');
INSERT INTO `reviews` (`id`, `product_id`, `customer`, `review`, `star`, `created_at`, `updated_at`) VALUES
(218, 47, 'Stan Zulauf PhD', 'Esse quis sint eaque deserunt doloribus ipsam. Et laborum reprehenderit suscipit. Explicabo perferendis reiciendis dolor labore iste ipsum. Et molestiae perspiciatis nihil eos facere animi sed.', 2, '2019-07-18 15:15:16', '2019-07-18 15:15:16'),
(219, 3, 'Melba Schmidt', 'Earum sit incidunt quam nihil quisquam quis quo. Voluptatem asperiores ut rerum dolorem velit. Sit perspiciatis sint assumenda sed adipisci delectus consequatur.', 0, '2019-07-18 15:15:16', '2019-07-18 15:15:16'),
(220, 31, 'Lenore Ortiz', 'Earum aut nemo mollitia numquam. Velit et in cum aut. Adipisci quo corporis cumque sed accusantium totam aspernatur. Nihil quibusdam quidem qui. Illum adipisci nemo amet dolore.', 4, '2019-07-18 15:15:16', '2019-07-18 15:15:16'),
(221, 33, 'Schuyler Klocko', 'Porro et debitis ut minima. Dolorem accusamus voluptatem possimus et deserunt qui id velit. Aspernatur eligendi vel ipsa expedita amet quaerat et. Et praesentium fugit inventore tenetur optio totam.', 2, '2019-07-18 15:15:16', '2019-07-18 15:15:16'),
(222, 45, 'Lottie Nicolas', 'Quis natus rerum eos neque dolores. Distinctio vitae id consequatur iusto. Corporis non autem minima.', 4, '2019-07-18 15:15:16', '2019-07-18 15:15:16'),
(223, 29, 'Mac Littel PhD', 'Et aliquam nisi harum repellat quae. Corrupti consequuntur et totam sit.', 2, '2019-07-18 15:15:16', '2019-07-18 15:15:16'),
(224, 21, 'Johnson Pacocha', 'Quia perspiciatis corrupti temporibus sit molestias. Quidem ab iusto id aliquam cumque sit quia. Vitae hic cum quidem sint.', 4, '2019-07-18 15:15:16', '2019-07-18 15:15:16'),
(225, 30, 'Jalen Kirlin', 'Saepe rem quasi iste rerum laboriosam atque atque. Ut autem non reprehenderit error et omnis. Modi asperiores natus vero nulla beatae et sed. Rerum architecto reiciendis voluptatem inventore vero. Dignissimos officia laudantium ex eaque.', 3, '2019-07-18 15:15:16', '2019-07-18 15:15:16'),
(226, 32, 'Willow Stanton DDS', 'Ipsam incidunt temporibus soluta sint sit. Ut et consequatur nulla quidem. Velit qui voluptas voluptas ipsa est vitae.', 3, '2019-07-18 15:15:16', '2019-07-18 15:15:16'),
(227, 10, 'Lucie Waelchi', 'Quia voluptates quo quis perferendis sed omnis. Sed distinctio voluptas quis voluptatum deserunt repellendus porro.', 3, '2019-07-18 15:15:16', '2019-07-18 15:15:16'),
(228, 21, 'Elsie Murray', 'Molestiae omnis id tenetur soluta omnis minima. Fuga id rem illo hic doloribus et. Possimus magni asperiores non iure omnis. Sit fugit tenetur id iusto soluta ab est numquam. Quaerat est eius et voluptas.', 3, '2019-07-18 15:15:16', '2019-07-18 15:15:16'),
(229, 41, 'Rebecca Bogisich', 'Velit libero omnis dignissimos modi tenetur. Laudantium et eveniet odio accusantium et modi. Ullam et id nesciunt nemo optio.', 3, '2019-07-18 15:15:16', '2019-07-18 15:15:16'),
(230, 23, 'Prof. Laurie Leannon PhD', 'Et ex est dolores perspiciatis et sint perspiciatis accusamus. Doloremque non natus aut est odio incidunt. Molestias dolorem nihil magnam corrupti vel sit impedit. Beatae modi consequuntur architecto aut ut.', 0, '2019-07-18 15:15:16', '2019-07-18 15:15:16'),
(231, 49, 'Hailey Bogan', 'Dolorem qui ullam debitis ut illo atque. Facere rerum rerum voluptatem eos aliquid ut quos. Enim sunt optio quos enim.', 1, '2019-07-18 15:15:16', '2019-07-18 15:15:16'),
(232, 10, 'Dr. Stanton Stanton', 'Sed velit et nobis itaque tenetur quia. Pariatur quia id assumenda id distinctio error. Quis et voluptate est dolores aut nostrum.', 2, '2019-07-18 15:15:16', '2019-07-18 15:15:16'),
(233, 4, 'Reba Schultz', 'Accusamus expedita est vel ratione. Illo quisquam culpa officiis dolorem voluptatem aut. Provident similique consequatur dolores rerum praesentium nostrum.', 4, '2019-07-18 15:15:16', '2019-07-18 15:15:16'),
(234, 44, 'Miss Adaline Zboncak', 'Eos natus ut repellendus sit placeat autem fuga. Cumque impedit voluptatibus sit vitae. Provident molestias aut quaerat omnis. Eum rerum et numquam.', 2, '2019-07-18 15:15:16', '2019-07-18 15:15:16'),
(235, 50, 'Alysa Gleason', 'Ipsa sit ut excepturi labore ut repudiandae cum. Mollitia atque eos ut aut. At non qui ad quia. Enim unde fugiat repudiandae alias officiis aliquid dolorem.', 2, '2019-07-18 15:15:16', '2019-07-18 15:15:16'),
(236, 30, 'Vernie Jacobson', 'Temporibus et asperiores doloremque sit dicta nisi quas officiis. Dolorem adipisci ea dolor et. Sed dignissimos vitae et eaque ipsa. Dolor sed dolor non odio iure molestiae totam. Omnis officiis et dolorem ut est natus commodi.', 5, '2019-07-18 15:15:16', '2019-07-18 15:15:16'),
(237, 1, 'Rashawn Murray', 'Et aut ad perspiciatis ut explicabo. Nemo non eligendi voluptas repellendus. Perspiciatis sunt et a.', 5, '2019-07-18 15:15:16', '2019-07-18 15:15:16'),
(238, 40, 'Lew Mraz V', 'Ut aut ipsa quaerat sed. Ipsa fugiat et qui quis placeat velit repellendus.', 4, '2019-07-18 15:15:16', '2019-07-18 15:15:16'),
(239, 2, 'Miss Dovie Turcotte MD', 'Doloremque magnam repudiandae consequatur vitae. Porro unde exercitationem et qui. Quia quia sit eum inventore.', 5, '2019-07-18 15:15:16', '2019-07-18 15:15:16'),
(240, 18, 'Prof. Charles McDermott DVM', 'Magni et cupiditate fuga consequatur. Natus et quisquam non rerum. Impedit necessitatibus a asperiores dolores numquam beatae quia temporibus.', 3, '2019-07-18 15:15:16', '2019-07-18 15:15:16'),
(241, 49, 'Leonel Harvey', 'Consectetur dolorum optio et voluptatibus quod quod. Ipsam voluptatem temporibus autem. Aliquam at exercitationem dolores quasi adipisci assumenda eos. Repellendus esse consequatur ea sit ut.', 2, '2019-07-18 15:15:16', '2019-07-18 15:15:16'),
(242, 15, 'Nicklaus Emard', 'Sequi ullam accusamus et odio repellendus. Atque nostrum earum ut asperiores omnis. Impedit exercitationem aperiam veritatis qui. Molestias voluptatem assumenda et sunt enim eum.', 1, '2019-07-18 15:15:16', '2019-07-18 15:15:16'),
(243, 2, 'Amely Bergnaum', 'Fugiat sit corporis quae cumque repellat. Nulla iste occaecati reiciendis enim et perspiciatis. Nemo iusto aperiam voluptas voluptas.', 4, '2019-07-18 15:15:16', '2019-07-18 15:15:16'),
(244, 41, 'Prof. Elwyn Nitzsche DDS', 'Ex voluptatem temporibus corrupti repellendus. Et rerum consequuntur ratione accusamus sed.', 3, '2019-07-18 15:15:16', '2019-07-18 15:15:16'),
(245, 12, 'Prof. Blanche Schulist DVM', 'Fuga excepturi eos et vel fugit delectus est. Unde et cupiditate ut quis fugiat qui porro. Est delectus est quod. Quia perspiciatis est asperiores ipsam ab est.', 3, '2019-07-18 15:15:16', '2019-07-18 15:15:16'),
(246, 25, 'Julia Greenholt', 'Voluptas architecto accusantium provident quam magnam doloribus. Itaque dolore ipsa est reiciendis veritatis. Facere eligendi est enim quaerat excepturi. Deserunt et voluptas aut ratione.', 3, '2019-07-18 15:15:16', '2019-07-18 15:15:16'),
(247, 2, 'Terence Jacobi', 'Nihil officia libero laborum ipsa. Iusto aliquam temporibus rerum dolor quos. Eius ullam voluptatem inventore. Sint sint est beatae ipsa molestiae dolores facilis. Expedita voluptas quasi aut recusandae praesentium hic.', 5, '2019-07-18 15:15:16', '2019-07-18 15:15:16'),
(248, 38, 'Sandy Nikolaus', 'Quae fugit delectus rerum assumenda deserunt. Aut maiores harum nam. Qui voluptatem dolorum sint incidunt laudantium suscipit quas. Molestiae vitae consequuntur omnis voluptas ab. Ducimus quia vel accusantium dolorem iusto.', 1, '2019-07-18 15:15:16', '2019-07-18 15:15:16'),
(249, 38, 'Rod Kessler', 'Sapiente tempore et ut dolores placeat cupiditate aut. Nihil omnis voluptas est et aut quo autem mollitia. Sint debitis aperiam ratione laboriosam voluptas. A veniam nemo eos et provident nulla voluptates.', 1, '2019-07-18 15:15:16', '2019-07-18 15:15:16'),
(250, 27, 'Dr. Clinton Mueller', 'Quidem facilis optio rerum suscipit magnam nemo. Similique sint praesentium ut culpa. Blanditiis voluptatum quo voluptatem aut.', 5, '2019-07-18 15:15:16', '2019-07-18 15:15:16'),
(252, 23, 'Constantin Abshire', 'Necessitatibus alias nesciunt harum quia reiciendis ad. Dolores vitae repellendus aut quibusdam quis hic consectetur nihil. Consequatur aspernatur iste dolores eum ut a qui iure. Cupiditate ducimus maiores consequatur rerum in.', 2, '2019-07-18 15:15:16', '2019-07-18 15:15:16'),
(253, 16, 'Mr. Brennan Okuneva', 'Velit numquam cumque facere qui. Est et illum esse recusandae est cupiditate. Commodi voluptas non iure aut. Exercitationem et et animi et consequatur incidunt. Porro omnis dolor necessitatibus quia dolor tempore.', 2, '2019-07-18 15:15:16', '2019-07-18 15:15:16'),
(254, 7, 'Ms. Cristal VonRueden', 'Qui voluptatem sunt rerum neque animi voluptate aut iure. Repellat tenetur tempora laudantium fugit nostrum. Asperiores ut accusamus possimus. Aliquam explicabo et aut voluptatem earum voluptas corporis.', 0, '2019-07-18 15:15:16', '2019-07-18 15:15:16'),
(255, 33, 'Rebecca Gottlieb', 'Ut ipsam ut quaerat nobis. Sed eligendi adipisci numquam suscipit sunt. Et accusamus est maiores quaerat vel magnam. Qui ab consequatur dolore ratione doloribus porro reiciendis.', 0, '2019-07-18 15:15:16', '2019-07-18 15:15:16'),
(256, 37, 'Missouri Brakus', 'Optio magni dolores et. In aut optio doloremque dolore. In incidunt nesciunt natus veritatis odio animi doloremque. Perspiciatis ea ut ea molestias dolorem culpa aliquid. Est eveniet aspernatur dolore adipisci provident.', 3, '2019-07-18 15:15:16', '2019-07-18 15:15:16'),
(257, 42, 'Ian Schneider', 'Et explicabo et eaque ratione. Rerum sapiente eligendi rerum. Nemo autem nihil ea quae. Praesentium occaecati sit ex deleniti itaque corporis.', 0, '2019-07-18 15:15:16', '2019-07-18 15:15:16'),
(258, 5, 'Edd Champlin', 'Pariatur suscipit at non alias. Et nihil error nam itaque odio et. Omnis nulla tempora inventore est error reiciendis consequatur voluptates. Ut deleniti accusamus architecto omnis et occaecati.', 4, '2019-07-18 15:15:16', '2019-07-18 15:15:16'),
(259, 2, 'Robbie Cremin', 'Omnis ab occaecati sit aperiam. Odio qui deleniti architecto iste quia explicabo adipisci. Expedita pariatur et eveniet.', 3, '2019-07-18 15:15:16', '2019-07-18 15:15:16'),
(260, 46, 'Verona Abernathy', 'Ea illum quisquam et qui aut ut autem voluptates. Laudantium quibusdam aliquam asperiores vel nihil. Fugiat vel veniam sint. Quia dolorem vel magnam quibusdam et a doloremque.', 3, '2019-07-18 15:15:16', '2019-07-18 15:15:16'),
(261, 43, 'Mercedes Halvorson', 'Dolorem quia temporibus fugit odio vero. Exercitationem et saepe id illum qui consequatur. Mollitia omnis dolorum voluptas reiciendis quisquam.', 1, '2019-07-18 15:15:16', '2019-07-18 15:15:16'),
(262, 2, 'Daniela Conroy II', 'Et suscipit rerum vero. Harum corrupti nam velit in quod non omnis. Praesentium veritatis modi modi eos maxime. Voluptatem dolor corrupti et consequatur autem ut sed.', 3, '2019-07-18 15:15:16', '2019-07-18 15:15:16'),
(263, 47, 'Prof. Lamar Spencer', 'Quia perferendis eaque consequatur consequuntur unde cum. Animi sunt ex doloribus reprehenderit.', 0, '2019-07-18 15:15:16', '2019-07-18 15:15:16'),
(264, 21, 'Dr. Sonia Luettgen', 'Repellat quia et quis et nemo quaerat animi iure. Aliquam facere et et voluptatum. Ab ab dolor qui maiores fugiat illo. Nobis ea non optio minima laudantium ratione quia. Porro doloribus voluptatem voluptas ullam quam id.', 1, '2019-07-18 15:15:16', '2019-07-18 15:15:16'),
(265, 41, 'Yvonne Bailey II', 'Voluptatem labore rerum corrupti ratione quia. A maiores commodi et. Ratione quas dolor perspiciatis sunt ipsa vitae. Necessitatibus nihil ut qui reprehenderit molestias atque.', 0, '2019-07-18 15:15:16', '2019-07-18 15:15:16'),
(266, 21, 'Maureen Walker II', 'Est fuga repellat esse et minima sed mollitia. Pariatur aut repudiandae eos ea sit pariatur. Ea eum qui quis harum ipsa voluptatem. Sit ea nulla voluptate voluptas enim molestiae et. Delectus non corrupti qui dicta aut dicta.', 2, '2019-07-18 15:15:16', '2019-07-18 15:15:16'),
(267, 1, 'Arnoldo Simonis MD', 'Fuga deleniti nihil ducimus delectus. Qui rerum quo maxime aut sunt. Consequatur voluptatem corrupti laboriosam sed voluptates eaque. Laborum consequuntur veniam provident earum.', 5, '2019-07-18 15:15:16', '2019-07-18 15:15:16'),
(268, 21, 'Dulce Stehr', 'Aut error et nulla accusamus rerum minus. Ratione quod neque fugit enim. Assumenda non nihil asperiores quos. Delectus quas quisquam aperiam.', 0, '2019-07-18 15:15:16', '2019-07-18 15:15:16'),
(269, 32, 'Schuyler Breitenberg', 'Autem exercitationem accusantium dolor nesciunt. Sit similique est ut mollitia et quis doloribus. Sit vero ipsa fuga at ut qui. Quasi quo perspiciatis sit eveniet consequatur mollitia.', 0, '2019-07-18 15:15:16', '2019-07-18 15:15:16'),
(270, 9, 'Ubaldo Bins', 'Quos est quibusdam ut est rerum delectus numquam iure. Laborum necessitatibus dolorum eaque nulla voluptate numquam vel. Modi cumque excepturi voluptas quia sint.', 2, '2019-07-18 15:15:16', '2019-07-18 15:15:16'),
(271, 1, 'Kristoffer Pagac', 'Aliquam voluptatum laudantium officiis eum. Est sequi dolores consequatur cum ipsum modi optio animi. Non natus odio aliquid voluptas numquam molestiae maiores.', 4, '2019-07-18 15:15:16', '2019-07-18 15:15:16'),
(273, 22, 'Mr. Toney Altenwerth', 'Odio nemo quis aliquid odit quaerat illum molestias mollitia. Velit eaque reiciendis odit a sed rerum recusandae. Dolor et quo culpa ut voluptas. Aut itaque nulla et.', 1, '2019-07-18 15:15:16', '2019-07-18 15:15:16'),
(274, 15, 'Noemy Braun DDS', 'Et officia suscipit accusantium quam error maxime magni voluptas. Veritatis minus dicta consequatur maiores fugiat earum sunt. Modi repudiandae porro minus suscipit cupiditate quis id.', 2, '2019-07-18 15:15:16', '2019-07-18 15:15:16'),
(275, 7, 'Rosamond Kuhlman', 'Aut tempore voluptas molestiae possimus ratione qui. Cum maiores et maxime totam reiciendis nesciunt ratione excepturi. Distinctio odio odit ducimus dolore. Sequi occaecati enim consectetur et qui.', 4, '2019-07-18 15:15:16', '2019-07-18 15:15:16'),
(276, 46, 'Erin Bartoletti', 'Iure aut beatae sunt cumque magnam molestias ipsam qui. Dolorem ut reprehenderit eveniet sapiente et in. Sunt nobis maxime perspiciatis qui optio. Molestiae error nam quo rerum sunt suscipit.', 3, '2019-07-18 15:15:16', '2019-07-18 15:15:16'),
(277, 15, 'Mariana Littel', 'Unde unde incidunt et debitis cumque. Voluptatem est iste asperiores saepe. Qui fuga atque culpa aliquid iste sit id. Quis officiis officiis quisquam placeat.', 1, '2019-07-18 15:15:16', '2019-07-18 15:15:16'),
(278, 26, 'Timmothy Muller', 'Occaecati molestias nemo quis sunt. Ipsum in dolor nemo.', 5, '2019-07-18 15:15:16', '2019-07-18 15:15:16'),
(279, 28, 'Amina Haag', 'Quia facere unde id non. Impedit iste ratione animi perferendis. Eligendi est ipsa omnis omnis.', 3, '2019-07-18 15:15:16', '2019-07-18 15:15:16'),
(280, 21, 'Donald Johnston', 'Ut molestiae architecto unde vel. Tempora adipisci excepturi reiciendis nulla est voluptatem. Beatae laboriosam omnis non in labore labore architecto error. Ad et dolores voluptatem hic. Sed quae voluptas molestiae eum sint in corrupti.', 4, '2019-07-18 15:15:16', '2019-07-18 15:15:16'),
(281, 43, 'Cathy Padberg', 'Sed quos et iure consectetur aliquam est quos. Autem voluptas et possimus ut aliquam magni. Qui illum est numquam incidunt nostrum.', 2, '2019-07-18 15:15:16', '2019-07-18 15:15:16'),
(282, 20, 'Adele Willms', 'Praesentium sunt provident minus voluptatem ipsam ad sit. Itaque aut omnis harum sed error repellat voluptas. Ut at perspiciatis velit commodi molestiae adipisci.', 5, '2019-07-18 15:15:16', '2019-07-18 15:15:16'),
(283, 8, 'Miss Ivy Sauer', 'Placeat saepe quia in aut. Vitae soluta ut dolorem officiis rerum. Consequatur nisi sapiente quod consequatur eos et et et.', 1, '2019-07-18 15:15:16', '2019-07-18 15:15:16'),
(284, 50, 'Mrs. Alysa Baumbach IV', 'Dolor modi quibusdam non asperiores. Et labore aut dicta omnis fuga. In facilis consequatur necessitatibus qui eos magni vitae.', 1, '2019-07-18 15:15:16', '2019-07-18 15:15:16'),
(285, 28, 'Hollie Howe', 'Rerum asperiores eum molestiae natus eaque ad perferendis. Et cumque consequatur officia molestiae ut suscipit saepe. Doloremque consequatur quae expedita asperiores tenetur facere doloribus.', 4, '2019-07-18 15:15:16', '2019-07-18 15:15:16'),
(286, 50, 'Kyla Kub IV', 'Repellat id eos voluptatem quisquam deserunt laudantium. Cum consequatur eos magnam quas cum. Molestiae et aut dolor tempore ullam accusantium. Aut voluptatem debitis expedita maxime enim cum ut a.', 1, '2019-07-18 15:15:16', '2019-07-18 15:15:16'),
(287, 6, 'Prof. Carmela McLaughlin', 'Quia suscipit ut molestias nihil. Est sed impedit et delectus quasi. Aliquam recusandae qui ut et ratione.', 5, '2019-07-18 15:15:16', '2019-07-18 15:15:16'),
(288, 30, 'Lolita Dicki', 'Consequatur possimus laborum provident harum illo consequatur explicabo. Consequatur temporibus nemo eius asperiores natus. Dignissimos qui consequatur est quae veniam aut. Sed et enim incidunt maxime est.', 4, '2019-07-18 15:15:16', '2019-07-18 15:15:16'),
(289, 29, 'Mr. Guy Swift I', 'Beatae fugit nostrum reiciendis inventore. Officia nesciunt impedit impedit fugiat animi. Laborum deleniti quae aliquam ipsum excepturi aut mollitia. Nihil modi voluptatibus vel quisquam aliquam et.', 4, '2019-07-18 15:15:16', '2019-07-18 15:15:16'),
(290, 19, 'Josefa Gerlach', 'Dolores distinctio recusandae numquam quae sint fugiat nihil. Deleniti quo et aut tenetur aliquid aut officiis. Voluptates at et nam qui in.', 1, '2019-07-18 15:15:16', '2019-07-18 15:15:16'),
(291, 16, 'Dominique Price', 'Est quia ratione ut dolore provident numquam. Est dolorum dolorum esse natus expedita. Nisi est eaque asperiores voluptas.', 5, '2019-07-18 15:15:16', '2019-07-18 15:15:16'),
(292, 17, 'Prof. Alyson Hamill DVM', 'Ad ad sed cum neque magni. Veritatis deserunt perferendis et in a in ducimus sequi. Qui voluptas quaerat quia corrupti dolor.', 2, '2019-07-18 15:15:16', '2019-07-18 15:15:16'),
(293, 16, 'Toy Boyle', 'Est asperiores nemo dolorem asperiores aut. Est esse delectus et adipisci ut. Enim vero consequatur perspiciatis aut ut sunt ullam commodi. Enim autem amet sunt ducimus aut enim.', 5, '2019-07-18 15:15:16', '2019-07-18 15:15:16'),
(294, 43, 'Jacinto Thompson', 'Exercitationem et quod est excepturi ut harum. Fuga labore qui magni nihil. Ut error aspernatur esse non enim consequatur nihil. Ut voluptatem necessitatibus et aut nihil rerum sint. Iusto debitis nihil perspiciatis reprehenderit fugit ut.', 5, '2019-07-18 15:15:16', '2019-07-18 15:15:16'),
(295, 45, 'Abigayle Boyle', 'In doloribus laudantium quis et id blanditiis. Est molestias dolorum et sequi. Veritatis aut est numquam consequuntur veniam pariatur quod.', 5, '2019-07-18 15:15:16', '2019-07-18 15:15:16'),
(296, 14, 'Miss Kaelyn Stiedemann', 'Minus quia aut ut hic veritatis. Quia molestiae odit ut odio non architecto provident. Facilis illum aperiam praesentium dolores.', 1, '2019-07-18 15:15:16', '2019-07-18 15:15:16'),
(297, 31, 'May Hickle', 'Quaerat voluptas praesentium harum consequuntur. Voluptatem qui blanditiis eum doloribus ad in. Aut est aperiam autem.', 5, '2019-07-18 15:15:16', '2019-07-18 15:15:16'),
(298, 48, 'Selmer Donnelly', 'Voluptas delectus odit vel a necessitatibus non. Sint aut incidunt quia totam sint delectus expedita. Non et ut autem ea quos nesciunt illum omnis.', 0, '2019-07-18 15:15:16', '2019-07-18 15:15:16'),
(299, 25, 'Jerrell Witting III', 'Voluptas odit laudantium officiis vel quia. Consectetur eaque architecto qui.', 0, '2019-07-18 15:15:16', '2019-07-18 15:15:16'),
(300, 11, 'Yasmeen Windler', 'Voluptatem ex fugit omnis explicabo eveniet. Et nihil quidem autem qui. Veritatis odio eum ut a quo. Dolor sed velit reiciendis a sit numquam qui.', 2, '2019-07-18 15:15:16', '2019-07-18 15:15:16');

-- --------------------------------------------------------

--
-- Structure de la table `users`
--

CREATE TABLE `users` (
  `id` int(10) UNSIGNED NOT NULL,
  `name` varchar(191) COLLATE utf8mb4_unicode_ci NOT NULL,
  `email` varchar(191) COLLATE utf8mb4_unicode_ci NOT NULL,
  `email_verified_at` timestamp NULL DEFAULT NULL,
  `password` varchar(191) COLLATE utf8mb4_unicode_ci NOT NULL,
  `remember_token` varchar(100) COLLATE utf8mb4_unicode_ci DEFAULT NULL,
  `created_at` timestamp NULL DEFAULT NULL,
  `updated_at` timestamp NULL DEFAULT NULL
) ENGINE=InnoDB DEFAULT CHARSET=utf8mb4 COLLATE=utf8mb4_unicode_ci;

--
-- Index pour les tables déchargées
--

--
-- Index pour la table `migrations`
--
ALTER TABLE `migrations`
  ADD PRIMARY KEY (`id`);

--
-- Index pour la table `password_resets`
--
ALTER TABLE `password_resets`
  ADD KEY `password_resets_email_index` (`email`);

--
-- Index pour la table `products`
--
ALTER TABLE `products`
  ADD PRIMARY KEY (`id`);

--
-- Index pour la table `reviews`
--
ALTER TABLE `reviews`
  ADD PRIMARY KEY (`id`),
  ADD KEY `reviews_product_id_index` (`product_id`);

--
-- Index pour la table `users`
--
ALTER TABLE `users`
  ADD PRIMARY KEY (`id`),
  ADD UNIQUE KEY `users_email_unique` (`email`);

--
-- AUTO_INCREMENT pour les tables déchargées
--

--
-- AUTO_INCREMENT pour la table `migrations`
--
ALTER TABLE `migrations`
  MODIFY `id` int(10) UNSIGNED NOT NULL AUTO_INCREMENT, AUTO_INCREMENT=9;

--
-- AUTO_INCREMENT pour la table `products`
--
ALTER TABLE `products`
  MODIFY `id` int(10) UNSIGNED NOT NULL AUTO_INCREMENT, AUTO_INCREMENT=51;

--
-- AUTO_INCREMENT pour la table `reviews`
--
ALTER TABLE `reviews`
  MODIFY `id` int(10) UNSIGNED NOT NULL AUTO_INCREMENT, AUTO_INCREMENT=301;

--
-- AUTO_INCREMENT pour la table `users`
--
ALTER TABLE `users`
  MODIFY `id` int(10) UNSIGNED NOT NULL AUTO_INCREMENT;

--
-- Contraintes pour les tables déchargées
--

--
-- Contraintes pour la table `reviews`
--
ALTER TABLE `reviews`
  ADD CONSTRAINT `reviews_product_id_foreign` FOREIGN KEY (`product_id`) REFERENCES `products` (`id`) ON DELETE CASCADE;
COMMIT;

/*!40101 SET CHARACTER_SET_CLIENT=@OLD_CHARACTER_SET_CLIENT */;
/*!40101 SET CHARACTER_SET_RESULTS=@OLD_CHARACTER_SET_RESULTS */;
/*!40101 SET COLLATION_CONNECTION=@OLD_COLLATION_CONNECTION */;
